-- MySQL dump 10.13  Distrib 5.1.51, for apple-darwin10.4.0 (i386)
--
-- Host: localhost    Database: hyperlocalcu_dev
-- ------------------------------------------------------
-- Server version	5.1.51

/*!40101 SET @OLD_CHARACTER_SET_CLIENT=@@CHARACTER_SET_CLIENT */;
/*!40101 SET @OLD_CHARACTER_SET_RESULTS=@@CHARACTER_SET_RESULTS */;
/*!40101 SET @OLD_COLLATION_CONNECTION=@@COLLATION_CONNECTION */;
/*!40101 SET NAMES utf8 */;
/*!40103 SET @OLD_TIME_ZONE=@@TIME_ZONE */;
/*!40103 SET TIME_ZONE='+00:00' */;
/*!40014 SET @OLD_UNIQUE_CHECKS=@@UNIQUE_CHECKS, UNIQUE_CHECKS=0 */;
/*!40014 SET @OLD_FOREIGN_KEY_CHECKS=@@FOREIGN_KEY_CHECKS, FOREIGN_KEY_CHECKS=0 */;
/*!40101 SET @OLD_SQL_MODE=@@SQL_MODE, SQL_MODE='NO_AUTO_VALUE_ON_ZERO' */;
/*!40111 SET @OLD_SQL_NOTES=@@SQL_NOTES, SQL_NOTES=0 */;

--
-- Table structure for table `accounts`
--

DROP TABLE IF EXISTS `accounts`;
/*!40101 SET @saved_cs_client     = @@character_set_client */;
/*!40101 SET character_set_client = utf8 */;
CREATE TABLE `accounts` (
  `id` int(11) NOT NULL AUTO_INCREMENT,
  `number` varchar(255) COLLATE utf8_unicode_ci DEFAULT NULL,
  `created_at` datetime DEFAULT NULL,
  `updated_at` datetime DEFAULT NULL,
  `member_id` int(11) DEFAULT NULL,
  PRIMARY KEY (`id`),
  KEY `member_id` (`member_id`)
) ENGINE=MyISAM AUTO_INCREMENT=543 DEFAULT CHARSET=utf8 COLLATE=utf8_unicode_ci ROW_FORMAT=DYNAMIC;
/*!40101 SET character_set_client = @saved_cs_client */;

--
-- Dumping data for table `accounts`
--

LOCK TABLES `accounts` WRITE;
/*!40000 ALTER TABLE `accounts` DISABLE KEYS */;
INSERT INTO `accounts` VALUES (1,'1941198','2010-12-09 06:27:03','2011-02-24 06:55:25',1);
/*!40000 ALTER TABLE `accounts` ENABLE KEYS */;
UNLOCK TABLES;

--
-- Table structure for table `atms`
--

DROP TABLE IF EXISTS `atms`;
/*!40101 SET @saved_cs_client     = @@character_set_client */;
/*!40101 SET character_set_client = utf8 */;
CREATE TABLE `atms` (
  `id` int(11) NOT NULL AUTO_INCREMENT,
  `name` varchar(255) COLLATE utf8_unicode_ci DEFAULT NULL,
  `street1` varchar(255) COLLATE utf8_unicode_ci DEFAULT NULL,
  `city` varchar(255) COLLATE utf8_unicode_ci DEFAULT NULL,
  `region` varchar(255) COLLATE utf8_unicode_ci DEFAULT NULL,
  `postal_code` varchar(255) COLLATE utf8_unicode_ci DEFAULT NULL,
  PRIMARY KEY (`id`)
) ENGINE=MyISAM AUTO_INCREMENT=7 DEFAULT CHARSET=utf8 COLLATE=utf8_unicode_ci ROW_FORMAT=DYNAMIC;
/*!40101 SET character_set_client = @saved_cs_client */;

--
-- Dumping data for table `atms`
--

LOCK TABLES `atms` WRITE;
/*!40000 ALTER TABLE `atms` DISABLE KEYS */;
INSERT INTO `atms` VALUES (1,'Arnold','3601 Jeffco Blvd.','Arnold','MO','63010-3926'),(2,'Bridgeton Branch','4020 Fee Fee Rd','Bridgeton','MO','63044-2708'),(3,'Cave Springs Branch','1077 Cave Springs Blvd.','St. Peters','MO','63376'),(4,'Des Peres','11739 Manchester Road','Des Peres','MO','63131'),(5,'East St. Louis Branch','13 Collinsville Ave.','East St. Louis','IL','62201'),(6,'Eureka','1467 W. 5th Street','Eureka','MO','63025');
/*!40000 ALTER TABLE `atms` ENABLE KEYS */;
UNLOCK TABLES;

--
-- Table structure for table `branches`
--

DROP TABLE IF EXISTS `branches`;
/*!40101 SET @saved_cs_client     = @@character_set_client */;
/*!40101 SET character_set_client = utf8 */;
CREATE TABLE `branches` (
  `id` int(11) NOT NULL AUTO_INCREMENT,
  `name` varchar(255) COLLATE utf8_unicode_ci DEFAULT NULL,
  `street1` varchar(255) COLLATE utf8_unicode_ci DEFAULT NULL,
  `city` varchar(255) COLLATE utf8_unicode_ci DEFAULT NULL,
  `region` varchar(255) COLLATE utf8_unicode_ci DEFAULT NULL,
  `postal_code` varchar(255) COLLATE utf8_unicode_ci DEFAULT NULL,
  `created_at` datetime DEFAULT NULL,
  `updated_at` datetime DEFAULT NULL,
  PRIMARY KEY (`id`)
) ENGINE=MyISAM AUTO_INCREMENT=5 DEFAULT CHARSET=utf8 COLLATE=utf8_unicode_ci ROW_FORMAT=DYNAMIC;
/*!40101 SET character_set_client = @saved_cs_client */;

--
-- Dumping data for table `branches`
--

LOCK TABLES `branches` WRITE;
/*!40000 ALTER TABLE `branches` DISABLE KEYS */;
INSERT INTO `branches` VALUES (1,'Administration/Bridgeton','4020 Fee Fee Road','Bridgeton','MO','63044','2011-01-07 04:16:58','2011-01-07 04:16:58'),(2,'Cave Springs','1077 Cave Springs Blvd.','St. Peters','MO','63376','2011-01-07 04:17:20','2011-01-07 04:17:20'),(3,'Des Peres','11739 Manchester Road','Des Peres','MO','63131','2011-01-07 04:18:12','2011-01-07 04:18:12'),(4,'East St. Louis','13 Collinsville Ave.','East St. Louis','MO','62201','2011-01-07 04:18:25','2011-01-07 04:18:25');
/*!40000 ALTER TABLE `branches` ENABLE KEYS */;
UNLOCK TABLES;

--
-- Table structure for table `events`
--

DROP TABLE IF EXISTS `events`;
/*!40101 SET @saved_cs_client     = @@character_set_client */;
/*!40101 SET character_set_client = utf8 */;
CREATE TABLE `events` (
  `id` int(11) NOT NULL AUTO_INCREMENT,
  `amount` double DEFAULT NULL,
  `type` varchar(255) COLLATE utf8_unicode_ci DEFAULT NULL,
  `atm_id` int(11) DEFAULT NULL,
  `posted_at` datetime DEFAULT NULL,
  `subaccount_id` int(11) DEFAULT NULL,
  `branch_id` int(11) DEFAULT NULL,
  `teller_id` int(11) DEFAULT NULL,
  `merchant_id` int(11) DEFAULT NULL,
  `check_number` int(11) DEFAULT NULL,
  `rewards` varchar(255) COLLATE utf8_unicode_ci DEFAULT NULL,
  `name` varchar(255) COLLATE utf8_unicode_ci DEFAULT NULL,
  `opening_balance` double DEFAULT NULL,
  `deposits` double DEFAULT NULL,
  `withdrawals` double DEFAULT NULL,
  `ending_balance` double DEFAULT NULL,
  `bill_payment_processing_days` int(11) DEFAULT NULL,
  `bill_payment_submitted_date` datetime DEFAULT NULL,
  `check_image` varchar(255) COLLATE utf8_unicode_ci DEFAULT NULL,
  `check_image_comment` text COLLATE utf8_unicode_ci,
  `check_image_back` varchar(255) COLLATE utf8_unicode_ci DEFAULT NULL,
  `receipt_image` varchar(255) COLLATE utf8_unicode_ci DEFAULT NULL,
  `account_information` text COLLATE utf8_unicode_ci,
  `merchant_number` varchar(255) COLLATE utf8_unicode_ci DEFAULT NULL,
  `balance` float DEFAULT NULL,
  PRIMARY KEY (`id`)
) ENGINE=MyISAM AUTO_INCREMENT=114700 DEFAULT CHARSET=utf8 COLLATE=utf8_unicode_ci ROW_FORMAT=DYNAMIC;
/*!40101 SET character_set_client = @saved_cs_client */;

--
-- Dumping data for table `events`
--

LOCK TABLES `events` WRITE;
/*!40000 ALTER TABLE `events` DISABLE KEYS */;
INSERT INTO `events` VALUES (2,35.47,'AtmEvent',2,'2011-01-06 00:00:00',1,NULL,NULL,73,NULL,NULL,NULL,NULL,NULL,NULL,NULL,NULL,NULL,NULL,NULL,NULL,NULL,NULL,NULL,2853.73),(3,-20,'AtmEvent',3,'2011-01-05 00:00:00',1,NULL,NULL,73,NULL,NULL,NULL,NULL,NULL,NULL,NULL,NULL,NULL,NULL,NULL,NULL,NULL,NULL,NULL,2858.26),(4,-40,'AtmEvent',5,'2011-01-05 00:00:00',1,NULL,NULL,73,NULL,NULL,NULL,NULL,NULL,NULL,NULL,NULL,NULL,NULL,NULL,NULL,NULL,NULL,NULL,2818.26),(5,-250,'BranchEvent',NULL,'2011-01-06 00:00:00',1,2,1,73,NULL,NULL,NULL,NULL,NULL,NULL,NULL,NULL,NULL,NULL,NULL,NULL,NULL,NULL,NULL,2603.73),(6,1349.83,'BranchEvent',NULL,'2011-01-08 00:00:00',1,4,1,73,NULL,NULL,NULL,NULL,NULL,NULL,NULL,NULL,NULL,NULL,NULL,NULL,NULL,NULL,NULL,3261.5),(7,-208.81,'BillpayEvent',NULL,'2011-01-07 00:00:00',1,NULL,NULL,73,NULL,NULL,NULL,NULL,NULL,NULL,NULL,4,'2011-01-03 00:00:00',NULL,NULL,NULL,NULL,NULL,NULL,2394.92),(8,-98.24,'CheckEvent',NULL,'2011-01-04 00:00:00',1,NULL,NULL,73,3450,NULL,NULL,NULL,NULL,NULL,NULL,NULL,NULL,NULL,NULL,NULL,NULL,NULL,NULL,2908.26),(9,-483.25,'CheckEvent',NULL,'2011-01-07 00:00:00',1,NULL,NULL,73,3451,NULL,NULL,NULL,NULL,NULL,NULL,NULL,NULL,'/images/sample/checks/sample_check_1.png',NULL,'/images/sample/checks/sample_check_1_reverse.png',NULL,NULL,NULL,1911.67),(10,-30,'NsfEvent',NULL,'2011-01-04 00:00:00',1,NULL,NULL,73,NULL,NULL,NULL,NULL,NULL,NULL,NULL,NULL,NULL,NULL,NULL,NULL,NULL,NULL,NULL,2878.26),(11,3.25,'RewardEvent',NULL,'2010-12-31 00:00:00',1,NULL,NULL,73,NULL,'10 pin-based debit card transactions',NULL,NULL,NULL,NULL,NULL,NULL,NULL,NULL,NULL,NULL,NULL,NULL,NULL,3006.5),(12,NULL,'StatementEvent',NULL,'2010-12-31 23:59:00',1,NULL,NULL,73,NULL,NULL,'December Statement',9847.32,4302.89,3450.23,10700,NULL,NULL,NULL,NULL,NULL,NULL,NULL,NULL,3006.5),(114699,-12.23,'CardEvent',NULL,'2011-01-08 22:54:40',1,NULL,NULL,73,NULL,NULL,'THE RAM #1234',NULL,NULL,NULL,NULL,NULL,NULL,NULL,NULL,NULL,NULL,NULL,NULL,NULL);
/*!40000 ALTER TABLE `events` ENABLE KEYS */;
UNLOCK TABLES;

--
-- Table structure for table `feedbacks`
--

DROP TABLE IF EXISTS `feedbacks`;
/*!40101 SET @saved_cs_client     = @@character_set_client */;
/*!40101 SET character_set_client = utf8 */;
CREATE TABLE `feedbacks` (
  `id` int(11) NOT NULL AUTO_INCREMENT,
  `event_id` int(11) DEFAULT NULL,
  `comment` text COLLATE utf8_unicode_ci,
  `rating` int(11) DEFAULT NULL,
  `subject_id` int(11) DEFAULT NULL,
  `subject_type` varchar(255) COLLATE utf8_unicode_ci DEFAULT NULL,
  `created_at` datetime DEFAULT NULL,
  `updated_at` datetime DEFAULT NULL,
  PRIMARY KEY (`id`)
) ENGINE=InnoDB AUTO_INCREMENT=50 DEFAULT CHARSET=utf8 COLLATE=utf8_unicode_ci ROW_FORMAT=COMPACT;
/*!40101 SET character_set_client = @saved_cs_client */;

--
-- Dumping data for table `feedbacks`
--

LOCK TABLES `feedbacks` WRITE;
/*!40000 ALTER TABLE `feedbacks` DISABLE KEYS */;
INSERT INTO `feedbacks` VALUES (30,6,'Matt did a good job.',4,1,'Teller','2011-01-25 22:57:10','2011-03-08 20:21:11'),(33,7,'Seemed to get there on time, I guess.',3,1,'Vendor','2011-01-26 18:19:27','2011-03-08 21:04:02'),(34,5,NULL,2,1,'Teller','2011-01-26 21:13:33','2011-01-26 21:13:33'),(40,7,'I wish they would stop charging so much for electricity.  Then again, what can I do about it?',4,29,'Merchant','2011-01-27 19:12:08','2011-03-08 20:57:53'),(41,9,NULL,2,30,'Merchant','2011-01-27 20:43:48','2011-01-28 04:12:10'),(42,8,NULL,4,60,'Merchant','2011-02-28 18:59:29','2011-02-28 18:59:29'),(43,7,NULL,4,29,'Merchant','2011-03-01 18:58:58','2011-03-01 18:58:58'),(44,7,NULL,4,29,'Merchant','2011-03-01 18:59:18','2011-03-01 18:59:18'),(45,6,'Testing this again.',2,4,'Branch','2011-03-03 18:27:47','2011-03-08 20:20:25'),(46,5,NULL,5,2,'Branch','2011-03-08 22:11:06','2011-03-08 22:11:06'),(47,4,NULL,4,5,'Atm','2011-03-08 22:30:22','2011-03-08 22:30:22'),(48,3,NULL,2,3,'Atm','2011-03-08 22:30:31','2011-03-08 22:30:31'),(49,114699,NULL,4,47,'Merchant','2011-03-08 23:01:49','2011-03-08 23:01:49');
/*!40000 ALTER TABLE `feedbacks` ENABLE KEYS */;
UNLOCK TABLES;

--
-- Table structure for table `items`
--

DROP TABLE IF EXISTS `items`;
/*!40101 SET @saved_cs_client     = @@character_set_client */;
/*!40101 SET character_set_client = utf8 */;
CREATE TABLE `items` (
  `id` int(11) NOT NULL AUTO_INCREMENT,
  `original_name` varchar(255) COLLATE utf8_unicode_ci DEFAULT NULL,
  `name` varchar(255) COLLATE utf8_unicode_ci DEFAULT NULL,
  `memo` varchar(255) COLLATE utf8_unicode_ci DEFAULT NULL,
  `amount` double DEFAULT NULL,
  `timestamp` datetime DEFAULT NULL,
  `account_id` int(11) DEFAULT NULL,
  `merchant_id` int(11) DEFAULT NULL,
  `created_at` datetime DEFAULT NULL,
  `updated_at` datetime DEFAULT NULL,
  `rating` int(11) DEFAULT NULL,
  `comment` text COLLATE utf8_unicode_ci,
  PRIMARY KEY (`id`)
) ENGINE=MyISAM AUTO_INCREMENT=411 DEFAULT CHARSET=utf8 COLLATE=utf8_unicode_ci ROW_FORMAT=DYNAMIC;
/*!40101 SET character_set_client = @saved_cs_client */;

--
-- Dumping data for table `items`
--

LOCK TABLES `items` WRITE;
/*!40000 ALTER TABLE `items` DISABLE KEYS */;
INSERT INTO `items` VALUES (196,'J J GREEN INC','J J GREEN INC','',-8.63,'2010-12-03 05:00:00',2,NULL,'2010-12-09 06:58:16','2010-12-09 06:58:16',NULL,NULL),(197,'BEDBATH&BEYOND#0091 00091INDIANAPOLIS IN','BEDBATH&BEYOND#0091 00091INDIANAPOLIS IN','',-31.97,'2010-12-06 05:00:00',2,NULL,'2010-12-09 06:58:16','2010-12-09 06:58:16',NULL,NULL),(198,'QDOBA MEX #461           FISHERS      IN','QDOBA MEX #461           FISHERS      IN','',-6.69,'2010-12-06 05:00:00',2,NULL,'2010-12-09 06:58:16','2010-12-09 06:58:16',NULL,NULL),(199,'MARSH #037 00000000019470NOBLESVILLE  IN','MARSH #037 00000000019470NOBLESVILLE  IN','',-11.88,'2010-12-05 05:00:00',2,NULL,'2010-12-09 06:58:17','2010-12-09 06:58:17',NULL,NULL),(200,'MCDONALD\'S F21398 0000000INDIANAPOLIS IN','MCDONALD\'S F21398 0000000INDIANAPOLIS IN','',-12.06,'2010-12-04 05:00:00',2,NULL,'2010-12-09 06:58:17','2010-12-09 06:58:17',NULL,NULL),(201,'WALGREENS #3363 000003363INDIANAPOLIS IN','WALGREENS #3363 000003363INDIANAPOLIS IN','',-12,'2010-12-04 05:00:00',2,NULL,'2010-12-09 06:58:17','2010-12-09 06:58:17',NULL,NULL),(202,'WALGREENS #3363 000003363INDIANAPOLIS IN','WALGREENS #3363 000003363INDIANAPOLIS IN','',-11.18,'2010-12-04 05:00:00',2,NULL,'2010-12-09 06:58:17','2010-12-09 06:58:17',NULL,NULL),(203,'WALGREENS #3363 000003363INDIANAPOLIS IN','WALGREENS #3363 000003363INDIANAPOLIS IN','',-8.91,'2010-12-04 05:00:00',2,NULL,'2010-12-09 06:58:17','2010-12-09 06:58:17',NULL,NULL),(204,'WALGREENS #3363 000003363INDIANAPOLIS IN','WALGREENS #3363 000003363INDIANAPOLIS IN','',-2.48,'2010-12-04 05:00:00',2,NULL,'2010-12-09 06:58:17','2010-12-09 06:58:17',NULL,NULL),(205,'BANANA REPUBLIC 3196 BANANOBLESVILLE  IN','BANANA REPUBLIC 3196 BANANOBLESVILLE  IN','',-142.02,'2010-12-03 05:00:00',2,NULL,'2010-12-09 06:58:17','2010-12-09 06:58:17',NULL,NULL),(206,'SUNRISE CAFE\' 54292980237FISHERS      IN','SUNRISE CAFE\' 54292980237FISHERS      IN','',-10.63,'2010-12-03 05:00:00',2,NULL,'2010-12-09 06:58:17','2010-12-09 06:58:17',NULL,NULL),(207,'RED ROBIN 682 NOBLESVILLENOBLESVILLE  IN','RED ROBIN 682 NOBLESVILLENOBLESVILLE  IN','',-32,'2010-12-03 05:00:00',2,NULL,'2010-12-09 06:58:17','2010-12-09 06:58:17',NULL,NULL),(208,'REDBOX DVD RENTAL        866-733-2693 IL','REDBOX DVD RENTAL        866-733-2693 IL','',-3.21,'2010-12-02 05:00:00',2,NULL,'2010-12-09 06:58:17','2010-12-09 06:58:17',NULL,NULL),(209,'MARATHON PETROLEUM CO. 11CARMEL       IN','MARATHON PETROLEUM CO. 11CARMEL       IN','',-58.59,'2010-12-02 05:00:00',2,NULL,'2010-12-09 06:58:17','2010-12-09 06:58:17',NULL,NULL),(210,'FAZOLI\'S #1614 5429298018INDIANAPOLIS IN','FAZOLI\'S #1614 5429298018INDIANAPOLIS IN','',-2.17,'2010-12-02 05:00:00',2,NULL,'2010-12-09 06:58:17','2010-12-09 06:58:17',NULL,NULL),(211,'FAZOLI\'S #1614 5429298018INDIANAPOLIS IN','FAZOLI\'S #1614 5429298018INDIANAPOLIS IN','',-20.13,'2010-12-02 05:00:00',2,NULL,'2010-12-09 06:58:17','2010-12-09 06:58:17',NULL,NULL),(212,'MIDAS STORE 5 MIDAS STORECARMEL       IN','MIDAS STORE 5 MIDAS STORECARMEL       IN','',-225.94,'2010-12-02 05:00:00',2,NULL,'2010-12-09 06:58:17','2010-12-09 06:58:17',NULL,NULL),(213,'CHICK-FIL-A #01939 000000CARMEL       IN','CHICK-FIL-A #01939 000000CARMEL       IN','',-17.21,'2010-12-02 05:00:00',2,NULL,'2010-12-09 06:58:17','2010-12-09 06:58:17',NULL,NULL),(214,'USPS 172783955900262 4182FISHERS      IN','USPS 172783955900262 4182FISHERS      IN','',-15.84,'2010-12-02 05:00:00',2,NULL,'2010-12-09 06:58:17','2010-12-09 06:58:17',NULL,NULL),(215,'USAA.COM PMT-THANKS      SAN ANTONIO  TX','USAA.COM PMT-THANKS      SAN ANTONIO  TX','',1743.77,'2010-12-01 05:00:00',2,NULL,'2010-12-09 06:58:17','2010-12-09 06:58:17',NULL,NULL),(216,'PANDA EXPRESS 736 5429298INDIANAPOLIS IN','PANDA EXPRESS 736 5429298INDIANAPOLIS IN','',-17.04,'2010-12-01 05:00:00',2,NULL,'2010-12-09 06:58:17','2010-12-09 06:58:17',NULL,NULL),(217,'TARGET 1350 1350         FISHERS      IN','TARGET 1350 1350         FISHERS      IN','',-154.71,'2010-12-01 05:00:00',2,NULL,'2010-12-09 06:58:17','2010-12-09 06:58:17',NULL,NULL),(218,'TARGET 1350 1350         FISHERS      IN','TARGET 1350 1350         FISHERS      IN','',-94.43,'2010-12-01 05:00:00',2,NULL,'2010-12-09 06:58:17','2010-12-09 06:58:17',NULL,NULL),(219,'WAL-MART  1557           FISHERS','WAL-MART  1557           FISHERS','',-75.32,'2010-12-01 05:00:00',2,NULL,'2010-12-09 06:58:17','2010-12-09 06:58:17',NULL,NULL),(220,'WAL-MART  1557           FISHERS','WAL-MART  1557           FISHERS','',-47.58,'2010-12-01 05:00:00',2,NULL,'2010-12-09 06:58:17','2010-12-09 06:58:17',NULL,NULL),(221,'HOBBY-LOBBY #0182 0000001CARMEL       IN','HOBBY-LOBBY #0182 0000001CARMEL       IN','',-28.53,'2010-11-29 05:00:00',2,NULL,'2010-12-09 06:58:17','2010-12-09 06:58:17',NULL,NULL),(222,'CHICK-FIL-A #01939 000000CARMEL       IN','CHICK-FIL-A #01939 000000CARMEL       IN','',-9.59,'2010-11-29 05:00:00',2,NULL,'2010-12-09 06:58:17','2010-12-09 06:58:17',NULL,NULL),(223,'SHELL OIL 57442110201    FISHERS      IN','SHELL OIL 57442110201    FISHERS      IN','',-37.23,'2010-11-28 05:00:00',2,NULL,'2010-12-09 06:58:17','2010-12-09 06:58:17',NULL,NULL),(224,'JASON\'S DELI-IIK 80000099INDIANAPOLIS IN','JASON\'S DELI-IIK 80000099INDIANAPOLIS IN','',-25.77,'2010-11-28 05:00:00',2,NULL,'2010-12-09 06:58:17','2010-12-09 06:58:17',NULL,NULL),(225,'MARSH #037 00000000019470NOBLESVILLE  IN','MARSH #037 00000000019470NOBLESVILLE  IN','',-29.85,'2010-11-28 05:00:00',2,NULL,'2010-12-09 06:58:17','2010-12-09 06:58:17',NULL,NULL),(226,'REDBOX DVD RENTAL        OAKBRKTERRACEIL','REDBOX DVD RENTAL        OAKBRKTERRACEIL','',-1.07,'2010-11-28 05:00:00',2,NULL,'2010-12-09 06:58:17','2010-12-09 06:58:17',NULL,NULL),(227,'INDIANAPOLIS AIRPORT AUTHINDIANAPOLIS IN','INDIANAPOLIS AIRPORT AUTHINDIANAPOLIS IN','',-2,'2010-11-27 05:00:00',2,NULL,'2010-12-09 06:58:17','2010-12-09 06:58:17',NULL,NULL),(228,'37SIGNALS.COM 00072000556CHICAGO      IL','37SIGNALS.COM 00072000556CHICAGO      IL','',-49,'2010-11-27 05:00:00',2,NULL,'2010-12-09 06:58:17','2010-12-09 06:58:17',NULL,NULL),(229,'SHELL OIL 57442111001    FISHERS      IN','SHELL OIL 57442111001    FISHERS      IN','',-49.52,'2010-11-27 05:00:00',2,NULL,'2010-12-09 06:58:17','2010-12-09 06:58:17',NULL,NULL),(230,'FIVE GUYS--FISHERS 542929FISHERS      IN','FIVE GUYS--FISHERS 542929FISHERS      IN','',-17.23,'2010-11-27 05:00:00',2,NULL,'2010-12-09 06:58:17','2010-12-09 06:58:17',NULL,NULL),(231,'COSTCO WHSE #0346 0000000CASTLETON    IN','COSTCO WHSE #0346 0000000CASTLETON    IN','',-100.94,'2010-11-27 05:00:00',2,NULL,'2010-12-09 06:58:17','2010-12-09 06:58:17',NULL,NULL),(232,'TARGET 1350 1350         FISHERS      IN','TARGET 1350 1350         FISHERS      IN','',-50.09,'2010-11-26 05:00:00',2,NULL,'2010-12-09 06:58:17','2010-12-09 06:58:17',NULL,NULL),(233,'GAP #2009/THE GAP #2009/TINDIANAPOLIS IN','GAP #2009/THE GAP #2009/TINDIANAPOLIS IN','',-42.8,'2010-11-26 05:00:00',2,NULL,'2010-12-09 06:58:17','2010-12-09 06:58:17',NULL,NULL),(234,'37SIGNALS.COM 00072000556CHICAGO      IL','37SIGNALS.COM 00072000556CHICAGO      IL','',-24,'2010-11-26 05:00:00',2,NULL,'2010-12-09 06:58:17','2010-12-09 06:58:17',NULL,NULL),(235,'MICHAELS 2119 02119      INDIANAPOLIS IN','MICHAELS 2119 02119      INDIANAPOLIS IN','',-46.79,'2010-11-26 05:00:00',2,NULL,'2010-12-09 06:58:17','2010-12-09 06:58:17',NULL,NULL),(236,'CYNTHIA\'S HALLMARK 0088  FISHERS      IN','CYNTHIA\'S HALLMARK 0088  FISHERS      IN','',-4.27,'2010-11-26 05:00:00',2,NULL,'2010-12-09 06:58:17','2010-12-09 06:58:17',NULL,NULL),(237,'BEDBATH&BEYOND#1242 01242NOBLESVILLE  IN','BEDBATH&BEYOND#1242 01242NOBLESVILLE  IN','',-29.99,'2010-11-24 05:00:00',2,NULL,'2010-12-09 06:58:17','2010-12-09 06:58:17',NULL,NULL),(238,'MARSH #037 00000000019470NOBLESVILLE  IN','MARSH #037 00000000019470NOBLESVILLE  IN','',-18.2,'2010-11-24 05:00:00',2,NULL,'2010-12-09 06:58:17','2010-12-09 06:58:17',NULL,NULL),(239,'PANDA EXPRESS 1850 542929NOBLESVILLE  IN','PANDA EXPRESS 1850 542929NOBLESVILLE  IN','',-26.02,'2010-11-24 05:00:00',2,NULL,'2010-12-09 06:58:17','2010-12-09 06:58:17',NULL,NULL),(240,'TARGET 1350 1350         FISHERS      IN','TARGET 1350 1350         FISHERS      IN','',-32.9,'2010-11-24 05:00:00',2,NULL,'2010-12-09 06:58:17','2010-12-09 06:58:17',NULL,NULL),(241,'AT&T 5FTC 6835 920       FISHERS      IN','AT&T 5FTC 6835 920       FISHERS      IN','',-5.35,'2010-11-23 05:00:00',2,NULL,'2010-12-09 06:58:17','2010-12-09 06:58:17',NULL,NULL),(242,'SHELL OIL 57426803904    NASHVILLE    IN','SHELL OIL 57426803904    NASHVILLE    IN','',-6.41,'2010-11-23 05:00:00',2,NULL,'2010-12-09 06:58:17','2010-12-09 06:58:17',NULL,NULL),(243,'FOR BARE FEET TOO 8000002NASHVILLE    IN','FOR BARE FEET TOO 8000002NASHVILLE    IN','',-7.44,'2010-11-23 05:00:00',2,NULL,'2010-12-09 06:58:17','2010-12-09 06:58:17',NULL,NULL),(244,'NOODLES & COMPANY 0000090NOBLESVILLE  IN','NOODLES & COMPANY 0000090NOBLESVILLE  IN','',-18.53,'2010-11-23 05:00:00',2,NULL,'2010-12-09 06:58:17','2010-12-09 06:58:17',NULL,NULL),(245,'HAMILTON 16 IMAX 00000000NOBLESVILLE  IN','HAMILTON 16 IMAX 00000000NOBLESVILLE  IN','',-19,'2010-11-23 05:00:00',2,NULL,'2010-12-09 06:58:17','2010-12-09 06:58:17',NULL,NULL),(246,'NASHVILLE FUDGE KITCHE   NASHVILLE    IN','NASHVILLE FUDGE KITCHE   NASHVILLE    IN','',-7.28,'2010-11-23 05:00:00',2,NULL,'2010-12-09 06:58:17','2010-12-09 06:58:17',NULL,NULL),(247,'MEIJER INC #230        Q0NOBLESVILLE  IN','MEIJER INC #230        Q0NOBLESVILLE  IN','',-31.45,'2010-11-22 05:00:00',2,NULL,'2010-12-09 06:58:17','2010-12-09 06:58:17',NULL,NULL),(248,'CHICK-FIL-A #00021 000000INDIANAPOLIS IN','CHICK-FIL-A #00021 000000INDIANAPOLIS IN','',-17.3,'2010-11-22 05:00:00',2,NULL,'2010-12-09 06:58:17','2010-12-09 06:58:17',NULL,NULL),(249,'BATH & BODY WORKS 53 0053CASTLETON    IN','BATH & BODY WORKS 53 0053CASTLETON    IN','',-18.73,'2010-11-22 05:00:00',2,NULL,'2010-12-09 06:58:17','2010-12-09 06:58:17',NULL,NULL),(250,'INDIANAPOLIS AIRPORT AUTHINDIANAPOLIS IN','INDIANAPOLIS AIRPORT AUTHINDIANAPOLIS IN','',-6,'2010-11-20 05:00:00',2,NULL,'2010-12-09 06:58:17','2010-12-09 06:58:17',NULL,NULL),(251,'MCDONALD\'S F6840 00000000FISHERS      IN','MCDONALD\'S F6840 00000000FISHERS      IN','',-14.79,'2010-11-20 05:00:00',2,NULL,'2010-12-09 06:58:17','2010-12-09 06:58:17',NULL,NULL),(252,'MARSH #037 00000000019470NOBLESVILLE  IN','MARSH #037 00000000019470NOBLESVILLE  IN','',-90.45,'2010-11-20 05:00:00',2,NULL,'2010-12-09 06:58:17','2010-12-09 06:58:17',NULL,NULL),(253,'PUCCINI S - FISHERS      FISHERS      IN','PUCCINI S - FISHERS      FISHERS      IN','',-24.3,'2010-11-19 05:00:00',2,NULL,'2010-12-09 06:58:17','2010-12-09 06:58:17',NULL,NULL),(254,'KROGER #895 000000895    FISHERS      IN','KROGER #895 000000895    FISHERS      IN','',-10,'2010-11-19 05:00:00',2,NULL,'2010-12-09 06:58:17','2010-12-09 06:58:17',NULL,NULL),(255,'JASMINE THAI 650000002587INDIANAPOLIS IN','JASMINE THAI 650000002587INDIANAPOLIS IN','',-19.33,'2010-11-19 05:00:00',2,NULL,'2010-12-09 06:58:17','2010-12-09 06:58:17',NULL,NULL),(256,'CHICK-FIL-A #00021 000000INDIANAPOLIS IN','CHICK-FIL-A #00021 000000INDIANAPOLIS IN','',-10.07,'2010-11-19 05:00:00',2,NULL,'2010-12-09 06:58:17','2010-12-09 06:58:17',NULL,NULL),(257,'BATH & BODY WORKS 53 0053CASTLETON    IN','BATH & BODY WORKS 53 0053CASTLETON    IN','',-5.35,'2010-11-19 05:00:00',2,NULL,'2010-12-09 06:58:17','2010-12-09 06:58:17',NULL,NULL),(258,'OLD NAVY #5727 OLD NAVY #INDIANAPOLIS IN','OLD NAVY #5727 OLD NAVY #INDIANAPOLIS IN','',-18.72,'2010-11-19 05:00:00',2,NULL,'2010-12-09 06:58:17','2010-12-09 06:58:17',NULL,NULL),(259,'BEDBATH&BEYOND#0091 00091INDIANAPOLIS IN','BEDBATH&BEYOND#0091 00091INDIANAPOLIS IN','',-46.28,'2010-11-19 05:00:00',2,NULL,'2010-12-09 06:58:17','2010-12-09 06:58:17',NULL,NULL),(260,'VON MAUR INC             INDIANAPOLIS IN','VON MAUR INC             INDIANAPOLIS IN','',-44.94,'2010-11-19 05:00:00',2,NULL,'2010-12-09 06:58:17','2010-12-09 06:58:17',NULL,NULL),(261,'WAL-MART  0923           NOBLESVILLE','WAL-MART  0923           NOBLESVILLE','',-158.29,'2010-11-19 05:00:00',2,NULL,'2010-12-09 06:58:17','2010-12-09 06:58:17',NULL,NULL),(262,'Interest on Cash Advances','Interest on Cash Advances','',-3.42,'2010-11-18 05:00:00',2,NULL,'2010-12-09 06:58:17','2010-12-09 06:58:17',NULL,NULL),(263,'PANDA EXPRESS 736 5429298INDIANAPOLIS IN','PANDA EXPRESS 736 5429298INDIANAPOLIS IN','',-16.84,'2010-11-16 05:00:00',2,NULL,'2010-12-09 06:58:17','2010-12-09 06:58:17',NULL,NULL),(264,'MARSH #037 00000000019470NOBLESVILLE  IN','MARSH #037 00000000019470NOBLESVILLE  IN','',-38.18,'2010-11-15 05:00:00',2,NULL,'2010-12-09 06:58:17','2010-12-09 06:58:17',NULL,NULL),(265,'MCDONALD\'S F11316 0000000FISHERS      IN','MCDONALD\'S F11316 0000000FISHERS      IN','',-6.21,'2010-11-15 05:00:00',2,NULL,'2010-12-09 06:58:17','2010-12-09 06:58:17',NULL,NULL),(266,'MCDONALD\'S F11316 0000000FISHERS      IN','MCDONALD\'S F11316 0000000FISHERS      IN','',-1.08,'2010-11-15 05:00:00',2,NULL,'2010-12-09 06:58:17','2010-12-09 06:58:17',NULL,NULL),(267,'REDBOX DVD RENTAL        866-733-2693 IL','REDBOX DVD RENTAL        866-733-2693 IL','',-4.28,'2010-11-15 05:00:00',2,NULL,'2010-12-09 06:58:17','2010-12-09 06:58:17',NULL,NULL),(268,'96TH STREET STEAKBURGER  INDIANAPOLIS IN','96TH STREET STEAKBURGER  INDIANAPOLIS IN','',-7,'2010-11-14 05:00:00',2,NULL,'2010-12-09 06:58:17','2010-12-09 06:58:17',NULL,NULL),(269,'TARGET 1350 1350 FISHERS  IN      CREDIT','TARGET 1350 1350 FISHERS  IN      CREDIT','',18.19,'2010-11-14 05:00:00',2,NULL,'2010-12-09 06:58:18','2010-12-09 06:58:18',NULL,NULL),(270,'TARGET 1350 1350         FISHERS      IN','TARGET 1350 1350         FISHERS      IN','',-50.17,'2010-11-13 05:00:00',2,NULL,'2010-12-09 06:58:18','2010-12-09 06:58:18',NULL,NULL),(271,'SHELL OIL 57442111001    FISHERS      IN','SHELL OIL 57442111001    FISHERS      IN','',-58.09,'2010-11-13 05:00:00',2,NULL,'2010-12-09 06:58:18','2010-12-09 06:58:18',NULL,NULL),(272,'CVS 4982 04982           FISHERS      IN','CVS 4982 04982           FISHERS      IN','',-6.85,'2010-11-13 05:00:00',2,NULL,'2010-12-09 06:58:18','2010-12-09 06:58:18',NULL,NULL),(273,'BUFFALO WILD WINGS 0070  FISHERS      IN','BUFFALO WILD WINGS 0070  FISHERS      IN','',-28.13,'2010-11-12 05:00:00',2,NULL,'2010-12-09 06:58:18','2010-12-09 06:58:18',NULL,NULL),(274,'HOBBY-LOBBY #0182 0000001CARMEL       IN','HOBBY-LOBBY #0182 0000001CARMEL       IN','',-20.27,'2010-11-12 05:00:00',2,NULL,'2010-12-09 06:58:18','2010-12-09 06:58:18',NULL,NULL),(275,'PINHEADS                 FISHERS      IN','PINHEADS                 FISHERS      IN','',-13,'2010-11-12 05:00:00',2,NULL,'2010-12-09 06:58:18','2010-12-09 06:58:18',NULL,NULL),(276,'WENDYS-TFL #0320   Q25 00FISHERS      IN','WENDYS-TFL #0320   Q25 00FISHERS      IN','',-6.9,'2010-11-12 05:00:00',2,NULL,'2010-12-09 06:58:18','2010-12-09 06:58:18',NULL,NULL),(277,'MARSH #037 00000000019470NOBLESVILLE  IN','MARSH #037 00000000019470NOBLESVILLE  IN','',-21.66,'2010-11-12 05:00:00',2,NULL,'2010-12-09 06:58:18','2010-12-09 06:58:18',NULL,NULL),(278,'REDBOX DVD RENTAL        OAKBRKTERRACEIL','REDBOX DVD RENTAL        OAKBRKTERRACEIL','',-2.14,'2010-11-12 05:00:00',2,NULL,'2010-12-09 06:58:18','2010-12-09 06:58:18',NULL,NULL),(279,'BURGER KING #16105 0027  NOBLESVILLE  IN','BURGER KING #16105 0027  NOBLESVILLE  IN','',-22.35,'2010-11-12 05:00:00',2,NULL,'2010-12-09 06:58:18','2010-12-09 06:58:18',NULL,NULL),(280,'BABIES \'R\' US            INDIANAPOLIS IN','BABIES \'R\' US            INDIANAPOLIS IN','',-11.75,'2010-11-11 05:00:00',2,NULL,'2010-12-09 06:58:18','2010-12-09 06:58:18',NULL,NULL),(281,'LIFEWAY CHRISTIAN STORE 4INDIANAPOLIS IN','LIFEWAY CHRISTIAN STORE 4INDIANAPOLIS IN','',-20.3,'2010-11-11 05:00:00',2,NULL,'2010-12-09 06:58:18','2010-12-09 06:58:18',NULL,NULL),(282,'CHICK-FIL-A #01487 000000INDIANAPOLIS IN','CHICK-FIL-A #01487 000000INDIANAPOLIS IN','',-9.57,'2010-11-11 05:00:00',2,NULL,'2010-12-09 06:58:18','2010-12-09 06:58:18',NULL,NULL),(283,'JO-ANN ETC 1910 1910     INDIANAPOLIS IN','JO-ANN ETC 1910 1910     INDIANAPOLIS IN','',-17.11,'2010-11-11 05:00:00',2,NULL,'2010-12-09 06:58:18','2010-12-09 06:58:18',NULL,NULL),(284,'LIFEWAY CHRISTIAN STORE 4INDIANAPOLIS IN','LIFEWAY CHRISTIAN STORE 4INDIANAPOLIS IN','',-26.73,'2010-11-11 05:00:00',2,NULL,'2010-12-09 06:58:18','2010-12-09 06:58:18',NULL,NULL),(285,'TARGET 1350 1350         FISHERS      IN','TARGET 1350 1350         FISHERS      IN','',-88.54,'2010-11-10 05:00:00',2,NULL,'2010-12-09 06:58:18','2010-12-09 06:58:18',NULL,NULL),(286,'NNG PETROLEUM LLC 8832   FISHERS      IN','NNG PETROLEUM LLC 8832   FISHERS      IN','',-40.05,'2010-11-10 05:00:00',2,NULL,'2010-12-09 06:58:18','2010-12-09 06:58:18',NULL,NULL),(287,'NORA BP 8599             INDIANAPOLIS IN','NORA BP 8599             INDIANAPOLIS IN','',-51.36,'2010-11-10 05:00:00',2,NULL,'2010-12-09 06:58:18','2010-12-09 06:58:18',NULL,NULL),(288,'MARSH #037','MARSH #037','PENDING DEBIT CARD PURCHASE',-60.38,'2010-12-06 05:00:00',1,15,'2010-12-11 04:40:03','2010-12-13 07:44:24',NULL,NULL),(289,'CARTER\'S #312','Carter\'s','PENDING DEBIT CARD PURCHASE',-35.31,'2010-12-07 05:00:00',1,11,'2010-12-11 04:40:03','2010-12-16 04:02:04',0,'testing'),(290,'CVS PHARMACY #66','CVS/pharmacy','PENDING DEBIT CARD PURCHASE',-17.73,'2010-12-07 05:00:00',1,14,'2010-12-11 04:40:03','2010-12-14 15:48:21',0,'I guess they had everything I was looking for, so that\'s good.'),(291,'MCDONALD\'S F1131','MCDONALD\'S F1131','PENDING DEBIT CARD PURCHASE',-12.41,'2010-12-07 05:00:00',1,18,'2010-12-11 04:40:03','2010-12-14 04:58:59',4,NULL),(292,'Amazon.com','Amazon.com','PENDING DEBIT CARD PURCHASE',-10.19,'2010-12-07 05:00:00',1,NULL,'2010-12-11 04:40:03','2010-12-14 15:46:56',0,NULL),(293,'JOANN STORES, IN','JOANN STORES, IN','PENDING DEBIT CARD PURCHASE',-7.46,'2010-12-07 05:00:00',1,NULL,'2010-12-11 04:40:03','2010-12-14 03:21:40',0,NULL),(294,'KOUMBARI DOLCE,L','KOUMBARI DOLCE,L','PENDING DEBIT CARD PURCHASE',-6.54,'2010-12-06 05:00:00',1,NULL,'2010-12-11 04:40:03','2010-12-11 04:40:03',NULL,NULL),(295,'CHINA WOK','China Wok','PENDING DEBIT CARD PURCHASE',-17.82,'2010-12-08 05:00:00',1,7,'2010-12-11 04:40:03','2010-12-14 15:46:58',4,'The portion sizes at China Wok are very generous -- we can usually stretch each one out for two or three meals.'),(296,'11313 USA PRKWY','11313 USA PRKWY','ATM WITHDRAWAL',-12,'2010-12-08 05:00:00',1,NULL,'2010-12-11 04:40:03','2010-12-14 04:18:57',0,NULL),(297,'CHECK # 0000000116','CHECK # 0000000116','',-300,'2010-12-07 05:00:00',1,NULL,'2010-12-11 04:40:03','2010-12-14 15:46:51',0,NULL),(298,'CHECK # 0000000115','CHECK # 0000000115','',-80,'2010-12-07 05:00:00',1,NULL,'2010-12-11 04:40:03','2010-12-16 04:48:12',0,NULL),(299,'CHECK # 0000000113','CHECK # 0000000113','',-80,'2010-12-07 05:00:00',1,NULL,'2010-12-11 04:40:03','2010-12-14 15:46:50',0,NULL),(300,'BED BATH & BEYOND #124     NOBLESVILLE    IN','Bed Bath and Beyond','DEBIT CARD PURCHASE',-33.01,'2010-12-07 05:00:00',1,8,'2010-12-11 04:40:03','2010-12-14 05:26:05',4,'I liked the Bed and Bath but am not too sure about the Beyond.'),(301,'PIZZA HUT 024764347313     NOBLESVILLE    IN','Pizza Hut','DEBIT CARD PURCHASE',-16.08,'2010-12-07 05:00:00',1,9,'2010-12-11 04:40:03','2010-12-16 04:25:57',2,NULL),(302,'EINSTEIN BROS #1656        INDIANAPOLIS   IN','Einstein Bros Bagels','DEBIT CARD PURCHASE',-7.93,'2010-12-07 05:00:00',1,10,'2010-12-11 04:40:03','2010-12-14 03:21:43',0,NULL),(303,'TARGET        00013508     FISHERS        IN','TARGET        00013508     FISHERS        IN','DEBIT CARD PURCHASE',-97.09,'2010-12-06 05:00:00',1,NULL,'2010-12-11 04:40:03','2010-12-14 05:04:26',4,NULL),(304,'MARSH #37                  NOBLESVILLE    IN','MARSH #37                  NOBLESVILLE    IN','DEBIT CARD PURCHASE',-21.28,'2010-12-06 05:00:00',1,19,'2010-12-11 04:40:03','2010-12-14 04:14:58',NULL,NULL),(305,'HAMILTON 16 IMAX   QPS     NOBLESVILLE    IN','HAMILTON 16 IMAX   QPS     NOBLESVILLE    IN','DEBIT CARD PURCHASE',-9.5,'2010-12-06 05:00:00',1,NULL,'2010-12-11 04:40:03','2010-12-11 04:40:03',NULL,NULL),(306,'HAMILTON 16 IMAX   QPS     NOBLESVILLE    IN','HAMILTON 16 IMAX   QPS     NOBLESVILLE    IN','DEBIT CARD PURCHASE',-7.09,'2010-12-06 05:00:00',1,13,'2010-12-11 04:40:03','2010-12-13 07:38:16',NULL,NULL),(307,'CHICK-FIL-A #01939         CARMEL         IN','CHICK-FIL-A #01939         CARMEL         IN','DEBIT CARD PURCHASE',-2.89,'2010-12-06 05:00:00',1,12,'2010-12-11 04:40:03','2010-12-14 04:32:48',0,NULL),(308,'TARGET        00013508     FISHERS        IN','TARGET        00013508     FISHERS        IN','DEBIT CARD PURCHASE',-2.24,'2010-12-06 05:00:00',1,NULL,'2010-12-11 04:40:03','2010-12-11 04:40:03',NULL,NULL),(309,'APL*ITUNES                 866-712-7753   CA','APL*ITUNES                 866-712-7753   CA','DEBIT CARD PURCHASE',-2.12,'2010-12-06 05:00:00',1,NULL,'2010-12-11 04:40:03','2010-12-14 04:31:04',0,NULL),(310,'ANTHEM BCBS IN   ONLINE PMT ***********3POS','ANTHEM BCBS IN   ONLINE PMT ***********3POS','ACH WITHDRAWAL',-230.57,'2010-12-02 05:00:00',1,NULL,'2010-12-11 04:40:03','2010-12-11 04:40:03',NULL,NULL),(311,'DUKE ENERGY IN   ONLINE PMT ***********3POS','DUKE ENERGY IN   ONLINE PMT ***********3POS','ACH WITHDRAWAL',-102.72,'2010-12-02 05:00:00',1,27,'2010-12-11 04:40:03','2011-01-03 05:40:48',NULL,NULL),(312,'VECTREN ENERGY   ONLINE PMT ***********3POS','VECTREN ENERGY   ONLINE PMT ***********3POS','ACH WITHDRAWAL',-74.8,'2010-12-02 05:00:00',1,NULL,'2010-12-11 04:40:03','2010-12-11 04:40:03',NULL,NULL),(313,'Amazon.com                 AMZN.COM/BILL  WA','Amazon.com                 AMZN.COM/BILL  WA','DEBIT CARD PURCHASE',-24.99,'2010-12-02 05:00:00',1,NULL,'2010-12-11 04:40:03','2010-12-11 04:40:03',NULL,NULL),(314,'USAA.COM PAYMNT  CREDIT CRD ***********7758','USAA.COM PAYMNT  CREDIT CRD ***********7758','ACH WITHDRAWAL',-1743.77,'2010-12-01 05:00:00',1,NULL,'2010-12-11 04:40:03','2010-12-11 04:40:03',NULL,NULL),(315,'GMAC MORTGAGE    ONLINE PMT ***********3POS','GMAC MORTGAGE    ONLINE PMT ***********3POS','ACH WITHDRAWAL',-1158.2,'2010-12-01 05:00:00',1,NULL,'2010-12-11 04:40:03','2010-12-11 04:40:03',NULL,NULL),(316,'NELNET           ONLINE PMT ***********3POS','NELNET           ONLINE PMT ***********3POS','ACH WITHDRAWAL',-144.65,'2010-12-01 05:00:00',1,NULL,'2010-12-11 04:40:03','2010-12-11 04:40:03',NULL,NULL),(317,'TRABIAN TECHNOLG DIRECT DEP ***********699V','TRABIAN TECHNOLG DIRECT DEP ***********699V','ACH DEP',1234.56,'2010-12-01 05:00:00',1,NULL,'2010-12-11 04:40:03','2010-12-11 04:40:03',NULL,NULL),(318,'USAA FUNDS TRANSFER CR','USAA FUNDS TRANSFER CR','',411.79,'2010-12-01 05:00:00',1,NULL,'2010-12-11 04:40:03','2010-12-11 04:40:03',NULL,NULL),(319,'CHECK # 0000995118','CHECK # 0000995118','',-331.9,'2010-11-30 05:00:00',1,NULL,'2010-12-11 04:40:03','2010-12-11 04:40:03',NULL,NULL),(320,'REDBOX *DVD RENTAL         866-733-2693   IL','REDBOX *DVD RENTAL         866-733-2693   IL','DEBIT CARD PURCHASE',-12.84,'2010-11-29 05:00:00',1,NULL,'2010-12-11 04:40:03','2010-12-11 04:40:03',NULL,NULL),(321,'APL*ITUNES                 866-712-7753   CA','APL*ITUNES                 866-712-7753   CA','DEBIT CARD PURCHASE',-2.13,'2010-11-29 05:00:00',1,NULL,'2010-12-11 04:40:03','2010-12-11 04:40:03',NULL,NULL),(322,'NFI*WWW.NETFLIX.COM/CC     NETFLIX.COM    CA','NFI*WWW.NETFLIX.COM/CC     NETFLIX.COM    CA','DEBIT CARD PURCHASE',-18.18,'2010-11-26 05:00:00',1,NULL,'2010-12-11 04:40:03','2010-12-16 04:26:09',4,NULL),(323,'USAA FUNDS TRANSFER DB','USAA FUNDS TRANSFER DB','TO ******1985',-120,'2010-11-24 05:00:00',1,NULL,'2010-12-11 04:40:03','2010-12-11 04:40:03',NULL,NULL),(324,'THE ORDINARY RESTAURAN     NASHVILLE      IN','THE ORDINARY RESTAURAN     NASHVILLE      IN','DEBIT CARD PURCHASE',-43.23,'2010-11-24 05:00:00',1,20,'2010-12-11 04:40:03','2010-12-16 04:34:01',2,NULL),(325,'K LOVE RADIO               800-525LOVE    CA','K LOVE RADIO               800-525LOVE    CA','DEBIT CARD PURCHASE',-10,'2010-11-24 05:00:00',1,16,'2010-12-11 04:40:03','2010-12-13 07:47:33',NULL,NULL),(326,'APL*ITUNES                 866-712-7753   CA','APL*ITUNES                 866-712-7753   CA','DEBIT CARD PURCHASE',-5.34,'2010-11-24 05:00:00',1,NULL,'2010-12-11 04:40:03','2010-12-11 04:40:03',NULL,NULL),(327,'CHECK # 0000000114','CHECK # 0000000114','',-300,'2010-11-23 05:00:00',1,NULL,'2010-12-11 04:40:03','2010-12-11 04:40:03',NULL,NULL),(328,'TRUGREEN         ONLINE PMT ***********3POS','TRUGREEN         ONLINE PMT ***********3POS','ACH WITHDRAWAL',-319.07,'2010-11-23 05:00:00',1,NULL,'2010-12-11 04:40:03','2010-12-11 04:40:03',NULL,NULL),(329,'COMCAST          ONLINE PMT ***********3POS','COMCAST          ONLINE PMT ***********3POS','ACH WITHDRAWAL',-109.18,'2010-11-23 05:00:00',1,NULL,'2010-12-11 04:40:03','2010-12-11 04:40:03',NULL,NULL),(330,'RAY\'S TRASH SERV ONLINE PMT ***********3POS','RAY\'S TRASH SERV ONLINE PMT ***********3POS','ACH WITHDRAWAL',-39.75,'2010-11-23 05:00:00',1,NULL,'2010-12-11 04:40:03','2010-12-11 04:40:03',NULL,NULL),(331,'211 S VAN BUREN            NASHVILLE      IN','211 S VAN BUREN            NASHVILLE      IN','ATM WITHDRAWAL',-42.5,'2010-11-23 05:00:00',1,NULL,'2010-12-11 04:40:03','2010-12-11 04:40:03',NULL,NULL),(332,'USAA.COM PAYMNT  LIFE       ***********1597','USAA.COM PAYMNT  LIFE       ***********1597','ACH WITHDRAWAL',-39.78,'2010-11-22 05:00:00',1,NULL,'2010-12-11 04:40:03','2010-12-11 04:40:03',NULL,NULL),(333,'SHELL OIL 574421102QPS     FISHERS        IN','SHELL OIL 574421102QPS     FISHERS        IN','DEBIT CARD PURCHASE',-56.46,'2010-11-22 05:00:00',1,NULL,'2010-12-11 04:40:04','2010-12-11 04:40:04',NULL,NULL),(334,'TIV*TIVO SERVICE           877-367-8486   CA','TIV*TIVO SERVICE           877-367-8486   CA','DEBIT CARD PURCHASE',-13.86,'2010-11-22 05:00:00',1,NULL,'2010-12-11 04:40:04','2010-12-11 04:40:04',NULL,NULL),(335,'RDIO.COM                   415-5127501    CA','RDIO.COM                   415-5127501    CA','DEBIT CARD PURCHASE',-9.99,'2010-11-22 05:00:00',1,NULL,'2010-12-11 04:40:04','2010-12-11 04:40:04',NULL,NULL),(336,'REDBOX *DVDRESERVATION     866-733-2693   IL','REDBOX *DVDRESERVATION     866-733-2693   IL','DEBIT CARD PURCHASE',-1.61,'2010-11-22 05:00:00',1,NULL,'2010-12-11 04:40:04','2010-12-11 04:40:04',NULL,NULL),(337,'DEPOSIT@MOBILE','DEPOSIT@MOBILE','',100,'2010-11-22 05:00:00',1,NULL,'2010-12-11 04:40:04','2010-12-11 04:40:04',NULL,NULL),(338,'DEPOSIT@MOBILE','DEPOSIT@MOBILE','',21,'2010-11-22 05:00:00',1,NULL,'2010-12-11 04:40:04','2010-12-11 04:40:04',NULL,NULL),(339,'DEPOSIT@MOBILE','DEPOSIT@MOBILE','',15,'2010-11-22 05:00:00',1,NULL,'2010-12-11 04:40:04','2010-12-11 04:40:04',NULL,NULL),(340,'WETZEL\'S PRETZELS          INDIANAPOLIS   IN','WETZEL\'S PRETZELS          INDIANAPOLIS   IN','DEBIT CARD PURCHASE',-5.21,'2010-11-19 05:00:00',1,NULL,'2010-12-11 04:40:04','2010-12-11 04:40:04',NULL,NULL),(341,'INTEREST PAID','INTEREST PAID','',0.1,'2010-11-17 05:00:00',1,NULL,'2010-12-11 04:40:04','2010-12-11 04:40:04',NULL,NULL),(342,'CHECK # 0000000110','CHECK # 0000000110','',-50,'2010-11-17 05:00:00',1,NULL,'2010-12-11 04:40:04','2010-12-11 04:40:04',NULL,NULL),(343,'USAA P&C         PREMIUMPAY ***********0994','USAA P&C         PREMIUMPAY ***********0994','ACH WITHDRAWAL',-87.07,'2010-11-17 05:00:00',1,NULL,'2010-12-11 04:40:04','2010-12-11 04:40:04',NULL,NULL),(344,'USAA FUNDS TRANSFER DB','USAA FUNDS TRANSFER DB','TO ******2257',-411.79,'2010-11-15 05:00:00',1,NULL,'2010-12-11 04:40:04','2010-12-11 04:40:04',NULL,NULL),(345,'Amazon Services-Kindle     866-321-8851   WA','Amazon Services-Kindle     866-321-8851   WA','DEBIT CARD PURCHASE',-9.99,'2010-11-15 05:00:00',1,NULL,'2010-12-11 04:40:04','2010-12-11 04:40:04',NULL,NULL),(346,'TRABIAN TECHNOLG DIRECT DEP ***********999V','TRABIAN TECHNOLG DIRECT DEP ***********999V','ACH DEP',1234.56,'2010-11-15 05:00:00',1,NULL,'2010-12-11 04:40:04','2010-12-11 04:40:04',NULL,NULL),(347,'CHECK # 0000995113','CHECK # 0000995113','',-329.88,'2010-11-12 05:00:00',1,NULL,'2010-12-11 04:40:04','2010-12-11 04:40:04',NULL,NULL),(348,'NELNET           ONLINE PMT ***********3POS','NELNET           ONLINE PMT ***********3POS','ACH WITHDRAWAL',-144.65,'2010-11-12 05:00:00',1,NULL,'2010-12-11 04:40:04','2010-12-11 04:40:04',NULL,NULL),(349,'DICK\'S CLOTHING&SPORTI     NOBLESVILLE    IN','DICK\'S CLOTHING&SPORTI     NOBLESVILLE    IN','DEBIT CARD PURCHASE',-42.79,'2010-11-12 05:00:00',1,NULL,'2010-12-11 04:40:04','2010-12-11 04:40:04',NULL,NULL),(350,'BORDERS BOOKS 01008358     NOBLESVILLE    IN','BORDERS BOOKS 01008358     NOBLESVILLE    IN','DEBIT CARD PURCHASE',-26.68,'2010-11-12 05:00:00',1,NULL,'2010-12-11 04:40:04','2010-12-11 04:40:04',NULL,NULL),(351,'UNCLE BILLS PET CENTER     FISHERS        IN','UNCLE BILLS PET CENTER     FISHERS        IN','DEBIT CARD PURCHASE',-8.54,'2010-11-12 05:00:00',1,NULL,'2010-12-11 04:40:04','2010-12-11 04:40:04',NULL,NULL),(352,'PARADISE BAKERY-NOBLES     NOBLESVILLE    IN','PARADISE BAKERY-NOBLES     NOBLESVILLE    IN','DEBIT CARD PURCHASE',-6.37,'2010-11-12 05:00:00',1,NULL,'2010-12-11 04:40:04','2010-12-11 04:40:04',NULL,NULL),(353,'CHECK # 0000995122','CHECK # 0000995122','',-34.63,'2010-11-10 05:00:00',1,NULL,'2010-12-11 04:40:04','2010-12-11 04:40:04',NULL,NULL),(354,'KROGER #944                INDIANAPOLIS   IN','KROGER #944                INDIANAPOLIS   IN','DEBIT CARD PURCHASE',-45.15,'2010-11-10 05:00:00',1,NULL,'2010-12-11 04:40:04','2010-12-11 04:40:04',NULL,NULL),(355,'MCDONALD\'S F20868          FISHERS        IN','MCDONALD\'S F20868          FISHERS        IN','DEBIT CARD PURCHASE',-6.1,'2010-11-10 05:00:00',1,NULL,'2010-12-11 04:40:04','2010-12-11 04:40:04',NULL,NULL),(356,'CHECK # 0000000111','CHECK # 0000000111','',-300,'2010-11-09 05:00:00',1,NULL,'2010-12-11 04:40:04','2010-12-11 04:40:04',NULL,NULL),(357,'SPEEDWAY 03352 140         FISHERS        IN','SPEEDWAY 03352 140         FISHERS        IN','DEBIT CARD PURCHASE',-75,'2010-11-09 05:00:00',1,NULL,'2010-12-11 04:40:04','2010-12-11 04:40:04',NULL,NULL),(358,'KFC Y314146   13141460     FISHERS        IN','KFC Y314146   13141460     FISHERS        IN','DEBIT CARD PURCHASE',-15.85,'2010-11-09 05:00:00',1,17,'2010-12-11 04:40:04','2010-12-14 03:32:51',NULL,NULL),(359,'KINGS CLEANERS ALTERAT     FISHERS        IN','KINGS CLEANERS ALTERAT     FISHERS        IN','DEBIT CARD PURCHASE',-69.25,'2010-11-08 05:00:00',1,NULL,'2010-12-11 04:40:04','2010-12-11 04:40:04',NULL,NULL),(360,'PIZZA HUT 024764347313     NOBLESVILLE    IN','PIZZA HUT 024764347313     NOBLESVILLE    IN','DEBIT CARD PURCHASE',-47.6,'2010-11-08 05:00:00',1,NULL,'2010-12-11 04:40:04','2010-12-11 04:40:04',NULL,NULL),(361,'UNCLE BILLS PET CENTER     FISHERS        IN','UNCLE BILLS PET CENTER     FISHERS        IN','DEBIT CARD PURCHASE',-36.32,'2010-11-08 05:00:00',1,NULL,'2010-12-11 04:40:04','2010-12-11 04:40:04',NULL,NULL),(362,'PANDA EXPRESS 1850 QPS     NOBLESVILLE    IN','PANDA EXPRESS 1850 QPS     NOBLESVILLE    IN','DEBIT CARD PURCHASE',-24.47,'2010-11-08 05:00:00',1,NULL,'2010-12-11 04:40:04','2010-12-11 04:40:04',NULL,NULL),(363,'CVS PHARMACY #8904 QPS     NOBLESVILLE    IN','CVS PHARMACY #8904 QPS     NOBLESVILLE    IN','DEBIT CARD PURCHASE',-16.04,'2010-11-08 05:00:00',1,NULL,'2010-12-11 04:40:04','2010-12-11 04:40:04',NULL,NULL),(364,'UNCLE BILLS PET CENTER     FISHERS        IN','UNCLE BILLS PET CENTER     FISHERS        IN','DEBIT CARD PURCHASE',-16.03,'2010-11-08 05:00:00',1,NULL,'2010-12-11 04:40:04','2010-12-11 04:40:04',NULL,NULL),(365,'OLD NAVY 6515      QPS     NOBLESVILLE    IN','OLD NAVY 6515      QPS     NOBLESVILLE    IN','DEBIT CARD PURCHASE',-14.86,'2010-11-08 05:00:00',1,NULL,'2010-12-11 04:40:04','2010-12-11 04:40:04',NULL,NULL),(366,'MARSH #37                  NOBLESVILLE    IN','MARSH #37                  NOBLESVILLE    IN','DEBIT CARD PURCHASE',-4.48,'2010-11-08 05:00:00',1,NULL,'2010-12-11 04:40:04','2010-12-11 04:40:04',NULL,NULL),(367,'INDIANAPOLIS AIRPORT A     INDIANAPOLIS   IN','INDIANAPOLIS AIRPORT A     INDIANAPOLIS   IN','DEBIT CARD PURCHASE',-2,'2010-11-08 05:00:00',1,NULL,'2010-12-11 04:40:04','2010-12-11 04:40:04',NULL,NULL),(368,'APL*ITUNES                 866-712-7753   CA','APL*ITUNES                 866-712-7753   CA','DEBIT CARD PURCHASE',-1.06,'2010-11-08 05:00:00',1,NULL,'2010-12-11 04:40:04','2010-12-11 04:40:04',NULL,NULL),(369,'OLD NAVY 6515      QPS     NOBLESVILLE    IN','OLD NAVY 6515      QPS     NOBLESVILLE    IN','DEBIT CARD REFUND',7.22,'2010-11-08 05:00:00',1,NULL,'2010-12-11 04:40:04','2010-12-11 04:40:04',NULL,NULL),(370,'OLD NAVY 6515      QPS     NOBLESVILLE    IN','OLD NAVY 6515      QPS     NOBLESVILLE    IN','DEBIT CARD REFUND',0.68,'2010-11-08 05:00:00',1,NULL,'2010-12-11 04:40:04','2010-12-11 04:40:04',NULL,NULL),(371,'1502 W FAYETTE A','1502 W FAYETTE A','PENDING DEBIT CARD PURCHASE',-61.19,'2010-12-28 05:00:00',1,NULL,'2010-12-30 04:26:25','2010-12-30 04:26:25',NULL,NULL),(372,'DEPOSIT@MOBILE','DEPOSIT@MOBILE','',200,'2010-12-29 05:00:00',1,NULL,'2010-12-30 04:26:25','2010-12-30 04:26:25',NULL,NULL),(373,'EXXONMOBIL    42340844     FORREST CITY   AR','EXXONMOBIL    42340844     FORREST CITY   AR','DEBIT CARD PURCHASE',-52.59,'2010-12-28 05:00:00',1,22,'2010-12-30 04:26:25','2011-01-03 05:09:16',NULL,NULL),(374,'EXXONMOBIL    45342854     SHREVEPORT     LA','EXXONMOBIL    45342854     SHREVEPORT     LA','DEBIT CARD PURCHASE',-48.24,'2010-12-28 05:00:00',1,21,'2010-12-30 04:26:25','2011-01-03 04:36:57',1,'The price on the sign and the pump is for CASH ONLY.  The credit card price was 7 cents per gallon higher, but there wasn\'t anything on the pump that said so (at least not anything obvious) and I didn\'t recognize it until the gas started flowing and the price was higher.'),(375,'Kindle Charges             866-321-8851   WA','Kindle Charges             866-321-8851   WA','DEBIT CARD PURCHASE',-0.45,'2010-12-28 05:00:00',1,NULL,'2010-12-30 04:26:25','2010-12-30 04:26:25',NULL,NULL),(376,'NFI*WWW.NETFLIX.COM/CC     NETFLIX.COM    CA','NFI*WWW.NETFLIX.COM/CC     NETFLIX.COM    CA','DEBIT CARD PURCHASE',-7.99,'2010-12-27 05:00:00',1,29,'2010-12-30 04:26:25','2011-01-10 13:25:14',NULL,NULL),(377,'DEPOSIT@MOBILE','DEPOSIT@MOBILE','',150,'2010-12-27 05:00:00',1,NULL,'2010-12-30 04:26:25','2010-12-30 04:26:25',NULL,NULL),(378,'USAA FUNDS TRANSFER DB','USAA FUNDS TRANSFER DB','TO ******1985',-120,'2010-12-24 05:00:00',1,30,'2010-12-30 04:26:25','2011-01-25 04:55:48',NULL,NULL),(379,'EXXONMOBIL    47775044     NATCHITOCHES   LA','EXXONMOBIL    47775044     NATCHITOCHES   LA','DEBIT CARD PURCHASE',-50.08,'2010-12-24 05:00:00',1,23,'2010-12-30 04:26:25','2011-01-03 05:10:43',NULL,NULL),(380,'CHECK # 0000000117','CHECK # 0000000117','',-300,'2010-12-21 05:00:00',1,NULL,'2010-12-30 04:26:25','2010-12-30 04:26:25',NULL,NULL),(381,'USAA.COM PAYMNT  LIFE       ***********1597','USAA.COM PAYMNT  LIFE       ***********1597','ACH WITHDRAWAL',-39.78,'2010-12-21 05:00:00',1,NULL,'2010-12-30 04:26:25','2010-12-30 04:26:25',NULL,NULL),(382,'EXXONMOBIL    42319160     LITTLE ROCK    AR','EXXONMOBIL    42319160     LITTLE ROCK    AR','DEBIT CARD PURCHASE',-55.88,'2010-12-21 05:00:00',1,24,'2010-12-30 04:26:25','2011-01-03 05:13:59',NULL,NULL),(383,'TIV*TIVO SERVICE           877-367-8486   CA','TIV*TIVO SERVICE           877-367-8486   CA','DEBIT CARD PURCHASE',-13.86,'2010-12-21 05:00:00',1,NULL,'2010-12-30 04:26:25','2010-12-30 04:26:25',NULL,NULL),(384,'K LOVE RADIO               800-525LOVE    CA','K LOVE RADIO               800-525LOVE    CA','DEBIT CARD PURCHASE',-10,'2010-12-21 05:00:00',1,NULL,'2010-12-30 04:26:25','2010-12-30 04:26:25',NULL,NULL),(385,'RDIO.COM                   415-5127501    CA','RDIO.COM                   415-5127501    CA','DEBIT CARD PURCHASE',-9.99,'2010-12-21 05:00:00',1,NULL,'2010-12-30 04:26:25','2010-12-30 04:26:25',NULL,NULL),(386,'FISHERS EYE CARE, LLC      FISHERS        IN','FISHERS EYE CARE, LLC      FISHERS        IN','DEBIT CARD PURCHASE',-420,'2010-12-20 05:00:00',1,25,'2010-12-30 04:26:25','2011-01-03 05:22:45',NULL,NULL),(387,'MARATHON OIL 096735        MARION         IL','MARATHON OIL 096735        MARION         IL','DEBIT CARD PURCHASE',-55.83,'2010-12-20 05:00:00',1,NULL,'2010-12-30 04:26:25','2010-12-30 04:26:25',NULL,NULL),(388,'Amazon.com                 AMZN.COM/BILL  WA','Amazon.com                 AMZN.COM/BILL  WA','DEBIT CARD PURCHASE',-12.99,'2010-12-20 05:00:00',1,NULL,'2010-12-30 04:26:25','2010-12-30 04:26:25',NULL,NULL),(389,'INTEREST PAID','INTEREST PAID','',0.12,'2010-12-17 05:00:00',1,NULL,'2010-12-30 04:26:25','2010-12-30 04:26:25',NULL,NULL),(390,'ATM SURCHARGE REBATE','ATM SURCHARGE REBATE','',5.5,'2010-12-17 05:00:00',1,NULL,'2010-12-30 04:26:25','2010-12-30 04:26:25',NULL,NULL),(391,'USAA P&C         PREMIUMPAY ***********0994','USAA P&C         PREMIUMPAY ***********0994','ACH WITHDRAWAL',-24.13,'2010-12-17 05:00:00',1,NULL,'2010-12-30 04:26:26','2010-12-30 04:26:26',NULL,NULL),(392,'GREAT CLIPS #1271          FISHERS        IN','GREAT CLIPS #1271          FISHERS        IN','DEBIT CARD PURCHASE',-21,'2010-12-17 05:00:00',1,26,'2010-12-30 04:26:26','2011-01-03 05:36:31',NULL,NULL),(393,'COMCAST          ONLINE PMT ***********3POS','COMCAST          ONLINE PMT ***********3POS','ACH WITHDRAWAL',-109.18,'2010-12-16 05:00:00',1,NULL,'2010-12-30 04:26:26','2010-12-30 04:26:26',NULL,NULL),(394,'TRUGREEN         ONLINE PMT ***********3POS','TRUGREEN         ONLINE PMT ***********3POS','ACH WITHDRAWAL',-55.05,'2010-12-16 05:00:00',1,NULL,'2010-12-30 04:26:26','2010-12-30 04:26:26',NULL,NULL),(395,'IN-AM WATER      ONLINE PMT ***********3POS','IN-AM WATER      ONLINE PMT ***********3POS','ACH WITHDRAWAL',-51.9,'2010-12-16 05:00:00',1,NULL,'2010-12-30 04:26:26','2010-12-30 04:26:26',NULL,NULL),(396,'GOODWILL INDUSTRIES 38     INDIANAPOLIS   IN','GOODWILL INDUSTRIES 38     INDIANAPOLIS   IN','DEBIT CARD PURCHASE',-14.94,'2010-12-16 05:00:00',1,NULL,'2010-12-30 04:26:26','2010-12-30 04:26:26',NULL,NULL),(397,'Amazon Services-Kindle     866-321-8851   WA','Amazon Services-Kindle     866-321-8851   WA','DEBIT CARD PURCHASE',-9.99,'2010-12-16 05:00:00',1,NULL,'2010-12-30 04:26:26','2010-12-30 04:26:26',NULL,NULL),(398,'CHECK # 0000995125','CHECK # 0000995125','',-329.88,'2010-12-15 05:00:00',1,NULL,'2010-12-30 04:26:26','2010-12-30 04:26:26',NULL,NULL),(399,'TRABIAN TECHNOLG DIRECT DEP ***********799V','TRABIAN TECHNOLG DIRECT DEP ***********799V','ACH DEP',1234.56,'2010-12-14 05:00:00',1,NULL,'2010-12-30 04:26:26','2010-12-30 04:26:26',NULL,NULL),(400,'GREAT CLIPS #1271          FISHERS        IN','GREAT CLIPS #1271          FISHERS        IN','DEBIT CARD PURCHASE',-15,'2010-12-13 05:00:00',1,NULL,'2010-12-30 04:26:26','2010-12-30 04:26:26',NULL,NULL),(401,'CHINA WOK          QPS     FISHERS        IN','CHINA WOK          QPS     FISHERS        IN','DEBIT CARD PURCHASE',-17.82,'2010-12-09 05:00:00',1,NULL,'2010-12-30 04:26:26','2010-12-30 04:26:26',NULL,NULL),(402,'JOANN ETC #1910            INDIANAPOLIS   IN','JOANN ETC #1910            INDIANAPOLIS   IN','DEBIT CARD PURCHASE',-7.46,'2010-12-09 05:00:00',1,28,'2010-12-30 04:26:26','2011-01-03 06:02:49',NULL,NULL),(403,'CHECK # 0000995135','CHECK # 0000995135','',-34.63,'2010-12-08 05:00:00',1,NULL,'2010-12-30 04:26:26','2010-12-30 04:26:26',NULL,NULL),(404,'MARSH #37                  NOBLESVILLE    IN','MARSH #37                  NOBLESVILLE    IN','DEBIT CARD PURCHASE',-60.38,'2010-12-08 05:00:00',1,NULL,'2010-12-30 04:26:26','2010-12-30 04:26:26',NULL,NULL),(405,'CARTER\'S #312              INDIANAPOLIS   IN','CARTER\'S #312              INDIANAPOLIS   IN','DEBIT CARD PURCHASE',-35.31,'2010-12-08 05:00:00',1,NULL,'2010-12-30 04:26:26','2010-12-30 04:26:26',NULL,NULL),(406,'CVS PHARMACY #6602 Q03     FISHERS        IN','CVS PHARMACY #6602 Q03     FISHERS        IN','DEBIT CARD PURCHASE',-17.73,'2010-12-08 05:00:00',1,NULL,'2010-12-30 04:26:26','2010-12-30 04:26:26',NULL,NULL),(407,'MCDONALD\'S F11316          FISHERS        IN','MCDONALD\'S F11316          FISHERS        IN','DEBIT CARD PURCHASE',-12.41,'2010-12-08 05:00:00',1,NULL,'2010-12-30 04:26:26','2010-12-30 04:26:26',NULL,NULL),(408,'11313 USA PRKWY            FISHERS        IN','11313 USA PRKWY            FISHERS        IN','ATM WITHDRAWAL',-12,'2010-12-08 05:00:00',1,NULL,'2010-12-30 04:26:26','2010-12-30 04:26:26',NULL,NULL),(409,'Amazon.com                 AMZN.COM/BILL  WA','Amazon.com                 AMZN.COM/BILL  WA','DEBIT CARD PURCHASE',-10.19,'2010-12-08 05:00:00',1,NULL,'2010-12-30 04:26:26','2010-12-30 04:26:26',NULL,NULL),(410,'GIGI\'S CC INDIANAPOLIS     INDIANAPOLIS   IN','GIGI\'S CC INDIANAPOLIS     INDIANAPOLIS   IN','DEBIT CARD PURCHASE',-6.54,'2010-12-08 05:00:00',1,NULL,'2010-12-30 04:26:26','2010-12-30 04:26:26',NULL,NULL);
/*!40000 ALTER TABLE `items` ENABLE KEYS */;
UNLOCK TABLES;

--
-- Table structure for table `members`
--

DROP TABLE IF EXISTS `members`;
/*!40101 SET @saved_cs_client     = @@character_set_client */;
/*!40101 SET character_set_client = utf8 */;
CREATE TABLE `members` (
  `id` int(11) NOT NULL AUTO_INCREMENT,
  `first_name` varchar(255) COLLATE utf8_unicode_ci DEFAULT NULL,
  `last_name` varchar(255) COLLATE utf8_unicode_ci DEFAULT NULL,
  `created_at` datetime DEFAULT NULL,
  `updated_at` datetime DEFAULT NULL,
  `street1` varchar(255) COLLATE utf8_unicode_ci DEFAULT NULL,
  `city` varchar(255) COLLATE utf8_unicode_ci DEFAULT NULL,
  `region` varchar(255) COLLATE utf8_unicode_ci DEFAULT NULL,
  `postal_code` varchar(255) COLLATE utf8_unicode_ci DEFAULT NULL,
  PRIMARY KEY (`id`)
) ENGINE=MyISAM AUTO_INCREMENT=271 DEFAULT CHARSET=utf8 COLLATE=utf8_unicode_ci ROW_FORMAT=DYNAMIC;
/*!40101 SET character_set_client = @saved_cs_client */;

--
-- Dumping data for table `members`
--

LOCK TABLES `members` WRITE;
/*!40000 ALTER TABLE `members` DISABLE KEYS */;
INSERT INTO `members` VALUES (1,'Matt','Dean','2011-01-24 06:13:58','2011-01-28 07:59:40','13949 Charleswood Ct.','Fishers','IN','46038'),(71,'Halie','Willms','2011-02-08 21:43:15','2011-02-08 21:43:15','29 O\'Fallon Square','O\'Fallon','MO','63366'),(72,'William','Effertz','2011-02-08 21:43:18','2011-02-08 21:43:18','601 Greenway Chase','Florissant','MO','63031'),(73,'Modesta','Nolan','2011-02-08 21:43:21','2011-02-08 21:43:21','9200 Olive Blvd.','Olivette','MO','63132'),(74,'Chris','Price','2011-02-08 21:43:24','2011-02-08 21:43:24','4020 Fee Fee Road','Bridgeton','MO','63044'),(75,'Nedra','McDermott','2011-02-08 21:43:26','2011-02-08 21:43:26','11739 Manchester Road','Des Peres','MO','63131'),(76,'Jayda','Kerluke','2011-02-08 21:43:29','2011-02-08 21:43:29','1467 W. 5th Street','Eureka','MO','63025'),(77,'Arnulfo','Sanford','2011-02-08 21:43:32','2011-02-08 21:43:32','13 Collinsville Ave.','East St. Louis','IL','62201'),(78,'Archibald','Bergstrom','2011-02-08 21:43:35','2011-02-08 21:43:35','11739 Manchester Road','Des Peres','MO','63131'),(79,'Maegan','Feest','2011-02-08 21:43:38','2011-02-08 21:43:38','11739 Manchester Road','Des Peres','MO','63131'),(80,'Clementine','Breitenberg','2011-02-08 21:43:41','2011-02-08 21:43:41','601 Greenway Chase','Florissant','MO','63031'),(81,'Verlie','Murray','2011-02-08 21:43:43','2011-02-08 21:43:43','4020 Fee Fee Road','Bridgeton','MO','63044'),(82,'Cade','Hane','2011-02-08 21:43:46','2011-02-08 21:43:46','13 Collinsville Ave.','East St. Louis','IL','62201'),(83,'Dallin','Koepp','2011-02-08 21:43:49','2011-02-08 21:43:49','9200 Olive Blvd.','Olivette','MO','63132'),(84,'Laila','Harvey','2011-02-08 21:43:52','2011-02-08 21:43:52','4020 Fee Fee Road','Bridgeton','MO','63044'),(85,'Reina','Upton','2011-02-08 21:43:56','2011-02-08 21:43:56','29 O\'Fallon Square','O\'Fallon','MO','63366'),(86,'Frank','Leannon','2011-02-08 21:43:59','2011-02-08 21:43:59','601 Greenway Chase','Florissant','MO','63031'),(87,'Buddy','Hickle','2011-02-08 21:44:02','2011-02-08 21:44:02','601 Greenway Chase','Florissant','MO','63031'),(88,'Loyal','Willms','2011-02-08 21:44:04','2011-02-08 21:44:04','4020 Fee Fee Road','Bridgeton','MO','63044'),(89,'Merlin','Strosin','2011-02-08 21:44:08','2011-02-08 21:44:08','4020 Fee Fee Road','Bridgeton','MO','63044'),(90,'Hope','Mante','2011-02-08 21:44:12','2011-02-08 21:44:12','601 Greenway Chase','Florissant','MO','63031'),(91,'Leanne','Hermann','2011-02-08 21:44:15','2011-02-08 21:44:15','4020 Fee Fee Road','Bridgeton','MO','63044'),(92,'Constance','Bosco','2011-02-08 21:44:18','2011-02-08 21:44:18','4020 Fee Fee Road','Bridgeton','MO','63044'),(93,'Martin','Walker','2011-02-08 21:44:22','2011-02-08 21:44:22','9200 Olive Blvd.','Olivette','MO','63132'),(94,'Gregoria','Schinner','2011-02-08 21:44:25','2011-02-08 21:44:25','11739 Manchester Road','Des Peres','MO','63131'),(95,'Dominic','Lemke','2011-02-08 21:44:28','2011-02-08 21:44:28','9200 Olive Blvd.','Olivette','MO','63132'),(96,'Fabian','Bernier','2011-02-08 21:44:31','2011-02-08 21:44:31','11739 Manchester Road','Des Peres','MO','63131'),(97,'Ocie','Baumbach','2011-02-08 21:44:34','2011-02-08 21:44:34','4020 Fee Fee Road','Bridgeton','MO','63044'),(98,'Marlon','Adams','2011-02-08 21:44:36','2011-02-08 21:44:36','4020 Fee Fee Road','Bridgeton','MO','63044'),(99,'Dagmar','Bogisich','2011-02-08 21:44:39','2011-02-08 21:44:39','29 O\'Fallon Square','O\'Fallon','MO','63366'),(100,'Charles','Ondricka','2011-02-08 21:44:42','2011-02-08 21:44:42','601 Greenway Chase','Florissant','MO','63031'),(101,'Gavin','Gerlach','2011-02-08 21:44:45','2011-02-08 21:44:45','601 Greenway Chase','Florissant','MO','63031'),(102,'Della','Kuhn','2011-02-08 21:44:48','2011-02-08 21:44:48','29 O\'Fallon Square','O\'Fallon','MO','63366'),(103,'Stephany','Weimann','2011-02-08 21:44:51','2011-02-08 21:44:51','4020 Fee Fee Road','Bridgeton','MO','63044'),(104,'Angelina','Reichert','2011-02-08 21:44:54','2011-02-08 21:44:54','9200 Olive Blvd.','Olivette','MO','63132'),(105,'Shawn','Dare','2011-02-08 21:44:57','2011-02-08 21:44:57','4020 Fee Fee Road','Bridgeton','MO','63044'),(106,'Sven','Schiller','2011-02-08 21:45:01','2011-02-08 21:45:01','11739 Manchester Road','Des Peres','MO','63131'),(107,'Dariana','Aufderhar','2011-02-08 21:45:05','2011-02-08 21:45:05','1077 Cave Springs Blvd.','St. Peters','MO','63376'),(108,'Hellen','D\'Amore','2011-02-08 21:45:09','2011-02-08 21:45:09','1077 Cave Springs Blvd.','St. Peters','MO','63376'),(109,'Dudley','Robel','2011-02-08 21:45:12','2011-02-08 21:45:12','29 O\'Fallon Square','O\'Fallon','MO','63366'),(110,'Casper','Bode','2011-02-08 21:45:16','2011-02-08 21:45:16','601 Greenway Chase','Florissant','MO','63031'),(111,'Kip','Luettgen','2011-02-08 21:45:19','2011-02-08 21:45:19','1467 W. 5th Street','Eureka','MO','63025'),(112,'Loyce','Daniel','2011-02-08 21:45:22','2011-02-08 21:45:22','1077 Cave Springs Blvd.','St. Peters','MO','63376'),(113,'Destiney','O\'Kon','2011-02-08 21:45:25','2011-02-08 21:45:25','1077 Cave Springs Blvd.','St. Peters','MO','63376'),(114,'Esther','Ratke','2011-02-08 21:45:29','2011-02-08 21:45:29','29 O\'Fallon Square','O\'Fallon','MO','63366'),(115,'Cortney','Block','2011-02-08 21:45:32','2011-02-08 21:45:32','11739 Manchester Road','Des Peres','MO','63131'),(116,'Edd','Daniel','2011-02-08 21:45:35','2011-02-08 21:45:35','13 Collinsville Ave.','East St. Louis','IL','62201'),(117,'Jade','O\'Reilly','2011-02-08 21:45:38','2011-02-08 21:45:38','601 Greenway Chase','Florissant','MO','63031'),(118,'Dasia','Haag','2011-02-08 21:45:41','2011-02-08 21:45:41','1467 W. 5th Street','Eureka','MO','63025'),(119,'Lenny','Glover','2011-02-08 21:45:44','2011-02-08 21:45:44','4020 Fee Fee Road','Bridgeton','MO','63044'),(120,'Halie','Feeney','2011-02-08 21:45:48','2011-02-08 21:45:48','4020 Fee Fee Road','Bridgeton','MO','63044'),(121,'Hattie','Farrell','2011-02-08 21:45:50','2011-02-08 21:45:50','4020 Fee Fee Road','Bridgeton','MO','63044'),(122,'Axel','White','2011-02-08 21:45:53','2011-02-08 21:45:53','1077 Cave Springs Blvd.','St. Peters','MO','63376'),(123,'George','O\'Reilly','2011-02-08 21:45:56','2011-02-08 21:45:56','1077 Cave Springs Blvd.','St. Peters','MO','63376'),(124,'Kellen','Ernser','2011-02-08 21:46:00','2011-02-08 21:46:00','1467 W. 5th Street','Eureka','MO','63025'),(125,'Axel','Schmidt','2011-02-08 21:46:03','2011-02-08 21:46:03','9200 Olive Blvd.','Olivette','MO','63132'),(126,'Margot','Smith','2011-02-08 21:46:05','2011-02-08 21:46:05','9200 Olive Blvd.','Olivette','MO','63132'),(127,'Sam','Walter','2011-02-08 21:46:09','2011-02-08 21:46:09','4020 Fee Fee Road','Bridgeton','MO','63044'),(128,'Phoebe','Hartmann','2011-02-08 21:46:13','2011-02-08 21:46:13','1467 W. 5th Street','Eureka','MO','63025'),(129,'Micheal','Willms','2011-02-08 21:46:16','2011-02-08 21:46:16','29 O\'Fallon Square','O\'Fallon','MO','63366'),(130,'Betty','Wilderman','2011-02-08 21:46:19','2011-02-08 21:46:19','1467 W. 5th Street','Eureka','MO','63025'),(131,'Paula','Armstrong','2011-02-08 21:46:22','2011-02-08 21:46:22','1467 W. 5th Street','Eureka','MO','63025'),(132,'Helena','O\'Connell','2011-02-08 21:46:25','2011-02-08 21:46:25','4020 Fee Fee Road','Bridgeton','MO','63044'),(133,'Wayne','Ebert','2011-02-08 21:46:27','2011-02-08 21:46:27','9200 Olive Blvd.','Olivette','MO','63132'),(134,'Travon','Tromp','2011-02-08 21:46:30','2011-02-08 21:46:30','11739 Manchester Road','Des Peres','MO','63131'),(135,'Rodrick','Gibson','2011-02-08 21:46:33','2011-02-08 21:46:33','1467 W. 5th Street','Eureka','MO','63025'),(136,'Jacky','Botsford','2011-02-08 21:46:36','2011-02-08 21:46:36','4020 Fee Fee Road','Bridgeton','MO','63044'),(137,'Mavis','Dietrich','2011-02-08 21:46:39','2011-02-08 21:46:39','1077 Cave Springs Blvd.','St. Peters','MO','63376'),(138,'Carlos','Renner','2011-02-08 21:46:42','2011-02-08 21:46:42','9200 Olive Blvd.','Olivette','MO','63132'),(139,'Destiney','Deckow','2011-02-08 21:46:45','2011-02-08 21:46:45','9200 Olive Blvd.','Olivette','MO','63132'),(140,'Presley','Kuhn','2011-02-08 21:46:48','2011-02-08 21:46:48','11739 Manchester Road','Des Peres','MO','63131'),(141,'Frank','Wilkinson','2011-02-08 21:46:51','2011-02-08 21:46:51','29 O\'Fallon Square','O\'Fallon','MO','63366'),(142,'Lenna','Grant','2011-02-08 21:46:54','2011-02-08 21:46:54','601 Greenway Chase','Florissant','MO','63031'),(143,'Marcos','Fisher','2011-02-08 21:46:57','2011-02-08 21:46:57','601 Greenway Chase','Florissant','MO','63031'),(144,'Morgan','Hettinger','2011-02-08 21:47:00','2011-02-08 21:47:00','601 Greenway Chase','Florissant','MO','63031'),(145,'Judd','Daugherty','2011-02-08 21:47:04','2011-02-08 21:47:04','1077 Cave Springs Blvd.','St. Peters','MO','63376'),(146,'Roberto','Tremblay','2011-02-08 21:47:06','2011-02-08 21:47:06','11739 Manchester Road','Des Peres','MO','63131'),(147,'Cielo','Willms','2011-02-08 21:47:09','2011-02-08 21:47:09','4020 Fee Fee Road','Bridgeton','MO','63044'),(148,'Lupe','Macejkovic','2011-02-08 21:47:12','2011-02-08 21:47:12','11739 Manchester Road','Des Peres','MO','63131'),(149,'Gerhard','Cormier','2011-02-08 21:47:15','2011-02-08 21:47:15','13 Collinsville Ave.','East St. Louis','IL','62201'),(150,'Berta','Ondricka','2011-02-08 21:47:18','2011-02-08 21:47:18','4020 Fee Fee Road','Bridgeton','MO','63044'),(151,'Ethan','Hettinger','2011-02-08 21:47:21','2011-02-08 21:47:21','4020 Fee Fee Road','Bridgeton','MO','63044'),(152,'Bud','Terry','2011-02-08 21:47:23','2011-02-08 21:47:23','601 Greenway Chase','Florissant','MO','63031'),(153,'Floyd','Corkery','2011-02-08 21:47:25','2011-02-08 21:47:25','1467 W. 5th Street','Eureka','MO','63025'),(154,'Candelario','Hudson','2011-02-08 21:47:28','2011-02-08 21:47:28','601 Greenway Chase','Florissant','MO','63031'),(155,'Tia','Rosenbaum','2011-02-08 21:47:31','2011-02-08 21:47:31','1467 W. 5th Street','Eureka','MO','63025'),(156,'Nick','Wisozk','2011-02-08 21:47:34','2011-02-08 21:47:34','601 Greenway Chase','Florissant','MO','63031'),(157,'Tavares','Cassin','2011-02-08 21:47:37','2011-02-08 21:47:37','1077 Cave Springs Blvd.','St. Peters','MO','63376'),(158,'Art','Breitenberg','2011-02-08 21:47:40','2011-02-08 21:47:40','1077 Cave Springs Blvd.','St. Peters','MO','63376'),(159,'Violette','Hagenes','2011-02-08 21:47:43','2011-02-08 21:47:43','1467 W. 5th Street','Eureka','MO','63025'),(160,'Brant','Koch','2011-02-08 21:47:46','2011-02-08 21:47:46','4020 Fee Fee Road','Bridgeton','MO','63044'),(161,'Ericka','D\'Amore','2011-02-08 21:47:49','2011-02-08 21:47:49','1077 Cave Springs Blvd.','St. Peters','MO','63376'),(162,'Dariana','Bogan','2011-02-08 21:47:53','2011-02-08 21:47:53','601 Greenway Chase','Florissant','MO','63031'),(163,'Zakary','Denesik','2011-02-08 21:47:56','2011-02-08 21:47:56','1077 Cave Springs Blvd.','St. Peters','MO','63376'),(164,'Alvis','Kirlin','2011-02-08 21:47:59','2011-02-08 21:47:59','29 O\'Fallon Square','O\'Fallon','MO','63366'),(165,'Palma','Klocko','2011-02-08 21:48:02','2011-02-08 21:48:02','1077 Cave Springs Blvd.','St. Peters','MO','63376'),(166,'Rebeka','Lynch','2011-02-08 21:48:05','2011-02-08 21:48:05','29 O\'Fallon Square','O\'Fallon','MO','63366'),(167,'Brice','Kemmer','2011-02-08 21:48:07','2011-02-08 21:48:07','1467 W. 5th Street','Eureka','MO','63025'),(168,'Hugh','Wiegand','2011-02-08 21:48:10','2011-02-08 21:48:10','9200 Olive Blvd.','Olivette','MO','63132'),(169,'Willis','Wisoky','2011-02-08 21:48:13','2011-02-08 21:48:13','1467 W. 5th Street','Eureka','MO','63025'),(170,'Will','Jacobs','2011-02-08 21:48:16','2011-02-08 21:48:16','9200 Olive Blvd.','Olivette','MO','63132'),(171,'Savanna','Haley','2011-02-08 21:48:18','2011-02-08 21:48:18','4020 Fee Fee Road','Bridgeton','MO','63044'),(172,'Emelie','Nikolaus','2011-02-08 21:48:21','2011-02-08 21:48:21','4020 Fee Fee Road','Bridgeton','MO','63044'),(173,'Earlene','Price','2011-02-08 21:48:24','2011-02-08 21:48:24','29 O\'Fallon Square','O\'Fallon','MO','63366'),(174,'Lazaro','Rippin','2011-02-08 21:48:26','2011-02-08 21:48:26','9200 Olive Blvd.','Olivette','MO','63132'),(175,'Alysha','Schoen','2011-02-08 21:48:29','2011-02-08 21:48:29','11739 Manchester Road','Des Peres','MO','63131'),(176,'Aleen','Ritchie','2011-02-08 21:48:31','2011-02-08 21:48:31','601 Greenway Chase','Florissant','MO','63031'),(177,'Winfield','Runolfsson','2011-02-08 21:48:34','2011-02-08 21:48:34','601 Greenway Chase','Florissant','MO','63031'),(178,'Heloise','Weber','2011-02-08 21:48:37','2011-02-08 21:48:37','11739 Manchester Road','Des Peres','MO','63131'),(179,'Ben','Bruen','2011-02-08 21:48:39','2011-02-08 21:48:39','601 Greenway Chase','Florissant','MO','63031'),(180,'Garret','Grant','2011-02-08 21:48:41','2011-02-08 21:48:41','9200 Olive Blvd.','Olivette','MO','63132'),(181,'Jefferey','Ondricka','2011-02-08 21:48:44','2011-02-08 21:48:44','601 Greenway Chase','Florissant','MO','63031'),(182,'Lizzie','Veum','2011-02-08 21:48:47','2011-02-08 21:48:47','9200 Olive Blvd.','Olivette','MO','63132'),(183,'Judy','Lang','2011-02-08 21:48:50','2011-02-08 21:48:50','13 Collinsville Ave.','East St. Louis','IL','62201'),(184,'Tierra','Douglas','2011-02-08 21:48:53','2011-02-08 21:48:53','1467 W. 5th Street','Eureka','MO','63025'),(185,'Shyanne','Satterfield','2011-02-08 21:48:56','2011-02-08 21:48:56','9200 Olive Blvd.','Olivette','MO','63132'),(186,'Kailey','Prohaska','2011-02-08 21:48:59','2011-02-08 21:48:59','1467 W. 5th Street','Eureka','MO','63025'),(187,'Estelle','Schaefer','2011-02-08 21:49:01','2011-02-08 21:49:01','13 Collinsville Ave.','East St. Louis','IL','62201'),(188,'Ruth','Labadie','2011-02-08 21:49:04','2011-02-08 21:49:04','1077 Cave Springs Blvd.','St. Peters','MO','63376'),(189,'Tristin','Doyle','2011-02-08 21:49:07','2011-02-08 21:49:07','13 Collinsville Ave.','East St. Louis','IL','62201'),(190,'Melvina','Wunsch','2011-02-08 21:49:10','2011-02-08 21:49:10','9200 Olive Blvd.','Olivette','MO','63132'),(191,'Justina','Fahey','2011-02-08 21:49:13','2011-02-08 21:49:13','11739 Manchester Road','Des Peres','MO','63131'),(192,'Keegan','Jast','2011-02-08 21:49:17','2011-02-08 21:49:17','29 O\'Fallon Square','O\'Fallon','MO','63366'),(193,'Lisandro','Lemke','2011-02-08 21:49:21','2011-02-08 21:49:21','1077 Cave Springs Blvd.','St. Peters','MO','63376'),(194,'Cecile','Runte','2011-02-08 21:49:25','2011-02-08 21:49:25','1467 W. 5th Street','Eureka','MO','63025'),(195,'Mckayla','Witting','2011-02-08 21:49:28','2011-02-08 21:49:28','11739 Manchester Road','Des Peres','MO','63131'),(196,'Duncan','Ritchie','2011-02-08 21:49:30','2011-02-08 21:49:30','9200 Olive Blvd.','Olivette','MO','63132'),(197,'Maia','Volkman','2011-02-08 21:49:33','2011-02-08 21:49:33','601 Greenway Chase','Florissant','MO','63031'),(198,'Rowena','Halvorson','2011-02-08 21:49:36','2011-02-08 21:49:36','11739 Manchester Road','Des Peres','MO','63131'),(199,'Lucius','Krajcik','2011-02-08 21:49:41','2011-02-08 21:49:41','601 Greenway Chase','Florissant','MO','63031'),(200,'Timmy','Ortiz','2011-02-08 21:49:47','2011-02-08 21:49:47','9200 Olive Blvd.','Olivette','MO','63132'),(201,'Mathias','Brakus','2011-02-08 21:49:52','2011-02-08 21:49:52','1077 Cave Springs Blvd.','St. Peters','MO','63376'),(202,'Rahul','Schaden','2011-02-08 21:49:55','2011-02-08 21:49:55','601 Greenway Chase','Florissant','MO','63031'),(203,'Lester','Medhurst','2011-02-08 21:49:59','2011-02-08 21:49:59','4020 Fee Fee Road','Bridgeton','MO','63044'),(204,'Seth','Fahey','2011-02-08 21:50:03','2011-02-08 21:50:03','4020 Fee Fee Road','Bridgeton','MO','63044'),(205,'Abagail','Goldner','2011-02-08 21:50:06','2011-02-08 21:50:06','13 Collinsville Ave.','East St. Louis','IL','62201'),(206,'Frieda','Berge','2011-02-08 21:50:09','2011-02-08 21:50:09','11739 Manchester Road','Des Peres','MO','63131'),(207,'Dora','Kutch','2011-02-08 21:50:13','2011-02-08 21:50:13','9200 Olive Blvd.','Olivette','MO','63132'),(208,'Tyrique','Wunsch','2011-02-08 21:50:17','2011-02-08 21:50:17','1467 W. 5th Street','Eureka','MO','63025'),(209,'Laverna','Goldner','2011-02-08 21:50:22','2011-02-08 21:50:22','11739 Manchester Road','Des Peres','MO','63131'),(210,'Jaron','Dietrich','2011-02-08 21:50:25','2011-02-08 21:50:25','1467 W. 5th Street','Eureka','MO','63025'),(211,'Aryanna','Bashirian','2011-02-08 21:50:28','2011-02-08 21:50:28','4020 Fee Fee Road','Bridgeton','MO','63044'),(212,'Kurtis','Ritchie','2011-02-08 21:50:31','2011-02-08 21:50:31','1467 W. 5th Street','Eureka','MO','63025'),(213,'Rylee','Schaden','2011-02-08 21:50:34','2011-02-08 21:50:34','1467 W. 5th Street','Eureka','MO','63025'),(214,'Jane','Hilll','2011-02-08 21:50:37','2011-02-08 21:50:37','13 Collinsville Ave.','East St. Louis','IL','62201'),(215,'Jason','Schmidt','2011-02-08 21:50:40','2011-02-08 21:50:40','1467 W. 5th Street','Eureka','MO','63025'),(216,'Reyna','Abernathy','2011-02-08 21:50:42','2011-02-08 21:50:42','1467 W. 5th Street','Eureka','MO','63025'),(217,'Savanah','Schmitt','2011-02-08 21:50:45','2011-02-08 21:50:45','29 O\'Fallon Square','O\'Fallon','MO','63366'),(218,'Benton','Powlowski','2011-02-08 21:50:48','2011-02-08 21:50:48','1077 Cave Springs Blvd.','St. Peters','MO','63376'),(219,'Philip','Zieme','2011-02-08 21:50:51','2011-02-08 21:50:51','1467 W. 5th Street','Eureka','MO','63025'),(220,'Rossie','Donnelly','2011-02-08 21:50:54','2011-02-08 21:50:54','1467 W. 5th Street','Eureka','MO','63025'),(221,'Guiseppe','Considine','2011-02-08 21:50:57','2011-02-08 21:50:57','601 Greenway Chase','Florissant','MO','63031'),(222,'Estel','Stoltenberg','2011-02-08 21:51:00','2011-02-08 21:51:00','601 Greenway Chase','Florissant','MO','63031'),(223,'Abby','Harvey','2011-02-08 21:51:03','2011-02-08 21:51:03','1077 Cave Springs Blvd.','St. Peters','MO','63376'),(224,'Boyd','Considine','2011-02-08 21:51:06','2011-02-08 21:51:06','29 O\'Fallon Square','O\'Fallon','MO','63366'),(225,'Maximilian','Windler','2011-02-08 21:51:08','2011-02-08 21:51:08','1077 Cave Springs Blvd.','St. Peters','MO','63376'),(226,'Coralie','Purdy','2011-02-08 21:51:11','2011-02-08 21:51:11','13 Collinsville Ave.','East St. Louis','IL','62201'),(227,'Dannie','Towne','2011-02-08 21:51:14','2011-02-08 21:51:14','1077 Cave Springs Blvd.','St. Peters','MO','63376'),(228,'Rudy','Block','2011-02-08 21:51:18','2011-02-08 21:51:18','1467 W. 5th Street','Eureka','MO','63025'),(229,'Stephan','Schuster','2011-02-08 21:51:21','2011-02-08 21:51:21','13 Collinsville Ave.','East St. Louis','IL','62201'),(230,'Jayne','Keebler','2011-02-08 21:51:24','2011-02-08 21:51:24','9200 Olive Blvd.','Olivette','MO','63132'),(231,'Rogelio','Klocko','2011-02-08 21:51:27','2011-02-08 21:51:27','1467 W. 5th Street','Eureka','MO','63025'),(232,'Florence','Medhurst','2011-02-08 21:51:30','2011-02-08 21:51:30','601 Greenway Chase','Florissant','MO','63031'),(233,'Kailee','Dibbert','2011-02-08 21:51:33','2011-02-08 21:51:33','11739 Manchester Road','Des Peres','MO','63131'),(234,'Angelica','Cummerata','2011-02-08 21:51:35','2011-02-08 21:51:35','601 Greenway Chase','Florissant','MO','63031'),(235,'Daniella','Larkin','2011-02-08 21:51:38','2011-02-08 21:51:38','1077 Cave Springs Blvd.','St. Peters','MO','63376'),(236,'Delphine','Ledner','2011-02-08 21:51:41','2011-02-08 21:51:41','29 O\'Fallon Square','O\'Fallon','MO','63366'),(237,'Adrianna','Emard','2011-02-08 21:51:44','2011-02-08 21:51:44','11739 Manchester Road','Des Peres','MO','63131'),(238,'Allan','Feeney','2011-02-08 21:51:46','2011-02-08 21:51:46','601 Greenway Chase','Florissant','MO','63031'),(239,'Clay','Quigley','2011-02-08 21:51:50','2011-02-08 21:51:50','11739 Manchester Road','Des Peres','MO','63131'),(240,'Marlen','Champlin','2011-02-08 21:51:53','2011-02-08 21:51:53','601 Greenway Chase','Florissant','MO','63031'),(241,'Doris','Yost','2011-02-08 21:51:56','2011-02-08 21:51:56','1077 Cave Springs Blvd.','St. Peters','MO','63376'),(242,'Giles','Johnson','2011-02-08 21:51:59','2011-02-08 21:51:59','29 O\'Fallon Square','O\'Fallon','MO','63366'),(243,'Braeden','Franecki','2011-02-08 21:52:02','2011-02-08 21:52:02','11739 Manchester Road','Des Peres','MO','63131'),(244,'Federico','Goyette','2011-02-08 21:52:05','2011-02-08 21:52:05','9200 Olive Blvd.','Olivette','MO','63132'),(245,'Tracey','Conn','2011-02-08 21:52:07','2011-02-08 21:52:07','9200 Olive Blvd.','Olivette','MO','63132'),(246,'Lionel','Langosh','2011-02-08 21:52:12','2011-02-08 21:52:12','9200 Olive Blvd.','Olivette','MO','63132'),(247,'Mariano','Conroy','2011-02-08 21:52:14','2011-02-08 21:52:14','13 Collinsville Ave.','East St. Louis','IL','62201'),(248,'Bernadine','Hyatt','2011-02-08 21:52:18','2011-02-08 21:52:18','601 Greenway Chase','Florissant','MO','63031'),(249,'Marietta','Sporer','2011-02-08 21:52:21','2011-02-08 21:52:21','1077 Cave Springs Blvd.','St. Peters','MO','63376'),(250,'Allene','Schoen','2011-02-08 21:52:24','2011-02-08 21:52:24','4020 Fee Fee Road','Bridgeton','MO','63044'),(251,'Bridgette','Marks','2011-02-08 21:52:27','2011-02-08 21:52:27','11739 Manchester Road','Des Peres','MO','63131'),(252,'Duncan','Bins','2011-02-08 21:52:29','2011-02-08 21:52:29','601 Greenway Chase','Florissant','MO','63031'),(253,'Gussie','Schmitt','2011-02-08 21:52:32','2011-02-08 21:52:32','29 O\'Fallon Square','O\'Fallon','MO','63366'),(254,'Aurelio','Eichmann','2011-02-08 21:52:34','2011-02-08 21:52:34','1467 W. 5th Street','Eureka','MO','63025'),(255,'Kareem','Gleichner','2011-02-08 21:52:37','2011-02-08 21:52:37','13 Collinsville Ave.','East St. Louis','IL','62201'),(256,'Taya','Erdman','2011-02-08 21:52:40','2011-02-08 21:52:40','11739 Manchester Road','Des Peres','MO','63131'),(257,'Meghan','Murazik','2011-02-08 21:52:43','2011-02-08 21:52:43','1467 W. 5th Street','Eureka','MO','63025'),(258,'Nash','Deckow','2011-02-08 21:52:45','2011-02-08 21:52:45','1467 W. 5th Street','Eureka','MO','63025'),(259,'Enid','Bergnaum','2011-02-08 21:52:48','2011-02-08 21:52:48','4020 Fee Fee Road','Bridgeton','MO','63044'),(260,'Verna','Windler','2011-02-08 21:52:51','2011-02-08 21:52:51','11739 Manchester Road','Des Peres','MO','63131'),(261,'Cathryn','Fadel','2011-02-08 21:52:54','2011-02-08 21:52:54','4020 Fee Fee Road','Bridgeton','MO','63044'),(262,'Darren','Bernier','2011-02-08 21:52:57','2011-02-08 21:52:57','29 O\'Fallon Square','O\'Fallon','MO','63366'),(263,'Carol','Cartwright','2011-02-08 21:53:00','2011-02-08 21:53:00','4020 Fee Fee Road','Bridgeton','MO','63044'),(264,'Keeley','Wisozk','2011-02-08 21:53:03','2011-02-08 21:53:03','29 O\'Fallon Square','O\'Fallon','MO','63366'),(265,'Colton','Mann','2011-02-08 21:53:06','2011-02-08 21:53:06','13 Collinsville Ave.','East St. Louis','IL','62201'),(266,'Frieda','Pacocha','2011-02-08 21:53:08','2011-02-08 21:53:08','9200 Olive Blvd.','Olivette','MO','63132'),(267,'Carey','Mann','2011-02-08 21:53:11','2011-02-08 21:53:11','13 Collinsville Ave.','East St. Louis','IL','62201'),(268,'Gloria','Borer','2011-02-08 21:53:13','2011-02-08 21:53:13','9200 Olive Blvd.','Olivette','MO','63132'),(269,'Hilma','Rutherford','2011-02-08 21:53:16','2011-02-08 21:53:16','1467 W. 5th Street','Eureka','MO','63025'),(270,'Felix','O\'Kon','2011-02-08 21:53:19','2011-02-08 21:53:19','4020 Fee Fee Road','Bridgeton','MO','63044');
/*!40000 ALTER TABLE `members` ENABLE KEYS */;
UNLOCK TABLES;

--
-- Table structure for table `merchants`
--

DROP TABLE IF EXISTS `merchants`;
/*!40101 SET @saved_cs_client     = @@character_set_client */;
/*!40101 SET character_set_client = utf8 */;
CREATE TABLE `merchants` (
  `id` int(11) NOT NULL AUTO_INCREMENT,
  `name` varchar(255) COLLATE utf8_unicode_ci DEFAULT NULL,
  `street1` varchar(255) COLLATE utf8_unicode_ci DEFAULT NULL,
  `city` varchar(255) COLLATE utf8_unicode_ci DEFAULT NULL,
  `region` varchar(255) COLLATE utf8_unicode_ci DEFAULT NULL,
  `postal_code` varchar(255) COLLATE utf8_unicode_ci DEFAULT NULL,
  `address_summary` text COLLATE utf8_unicode_ci,
  `full_result` text COLLATE utf8_unicode_ci,
  `created_at` datetime DEFAULT NULL,
  `updated_at` datetime DEFAULT NULL,
  `twitter_username` varchar(255) COLLATE utf8_unicode_ci DEFAULT NULL,
  `facebook_username` varchar(255) COLLATE utf8_unicode_ci DEFAULT NULL,
  `avatar` varchar(255) COLLATE utf8_unicode_ci DEFAULT NULL,
  `merchant_number` varchar(255) COLLATE utf8_unicode_ci DEFAULT NULL,
  PRIMARY KEY (`id`)
) ENGINE=MyISAM AUTO_INCREMENT=74 DEFAULT CHARSET=utf8 COLLATE=utf8_unicode_ci ROW_FORMAT=DYNAMIC;
/*!40101 SET character_set_client = @saved_cs_client */;

--
-- Dumping data for table `merchants`
--

LOCK TABLES `merchants` WRITE;
/*!40000 ALTER TABLE `merchants` DISABLE KEYS */;
INSERT INTO `merchants` VALUES (7,'China Wok','11681 Brooks School Rd # 7','Fishers','IN',NULL,'11681 Brooks School Rd # 7<br />Fishers, IN','{\"GsearchResultClass\":\"GlocalSearch\",\"viewportmode\":\"computed\",\"listingType\":\"local\",\"lat\":\"39.958341\",\"lng\":\"-85.942221\",\"accuracy\":\"8\",\"title\":\"<b>China Wok</b>\",\"titleNoFormatting\":\"China Wok\",\"ddUrl\":\"http://www.google.com/maps?source=uds&daddr=11681+Brooks+School+Rd+%23+7,+Fishers,+IN+(China+Wok)+@39.958341,-85.942221&saddr=Fishers,+IN\",\"ddUrlToHere\":\"http://www.google.com/maps?source=uds&daddr=11681+Brooks+School+Rd+%23+7,+Fishers,+IN+(China+Wok)+@39.958341,-85.942221&iwstate1=dir:to\",\"ddUrlFromHere\":\"http://www.google.com/maps?source=uds&saddr=11681+Brooks+School+Rd+%23+7,+Fishers,+IN+(China+Wok)+@39.958341,-85.942221&iwstate1=dir:from\",\"streetAddress\":\"11681 Brooks School Rd # 7\",\"city\":\"Fishers\",\"region\":\"IN\",\"country\":\"United States\",\"staticMapUrl\":\"http://maps.google.com/maps/api/staticmap?maptype=roadmap&format=gif&sensor=false&size=150x100&zoom=13&markers=39.958341,-85.942221\",\"url\":\"http://www.google.com/maps/place?source=uds&q=China+Wok&cid=16532176777246299837\",\"content\":\"\",\"maxAge\":604800,\"phoneNumbers\":[{\"type\":\"\",\"number\":\"(317) 570-8883\"}],\"addressLines\":[\"11681 Brooks School Rd # 7\",\"Fishers, IN\"],\"html\":{}}','2010-12-13 05:13:16','2010-12-13 05:13:16',NULL,NULL,NULL,NULL),(8,'Bed Bath and Beyond','14139 Town Center Boulevard','Noblesville','IN',NULL,'14139 Town Center Boulevard<br />Noblesville, IN','{\"GsearchResultClass\":\"GlocalSearch\",\"viewportmode\":\"explicit\",\"listingType\":\"local\",\"lat\":\"39.992049\",\"lng\":\"-85.899353\",\"accuracy\":\"5\",\"title\":\"<b>Bed Bath</b> and <b>Beyond</b>\",\"titleNoFormatting\":\"Bed Bath and Beyond\",\"ddUrl\":\"http://www.google.com/maps?source=uds&daddr=14139+Town+Center+Boulevard,+Noblesville,+IN+(Bed+Bath+and+Beyond)+@39.992049,-85.899353&saddr=Fishers,+IN\",\"ddUrlToHere\":\"http://www.google.com/maps?source=uds&daddr=14139+Town+Center+Boulevard,+Noblesville,+IN+(Bed+Bath+and+Beyond)+@39.992049,-85.899353&iwstate1=dir:to\",\"ddUrlFromHere\":\"http://www.google.com/maps?source=uds&saddr=14139+Town+Center+Boulevard,+Noblesville,+IN+(Bed+Bath+and+Beyond)+@39.992049,-85.899353&iwstate1=dir:from\",\"streetAddress\":\"14139 Town Center Boulevard\",\"city\":\"Noblesville\",\"region\":\"IN\",\"country\":\"United States\",\"staticMapUrl\":\"http://maps.google.com/maps/api/staticmap?maptype=roadmap&format=gif&sensor=false&size=150x100&zoom=13&markers=39.992049,-85.899353\",\"url\":\"http://www.google.com/maps/place?source=uds&q=Bed+Bath+and+Beyond&cid=15028684200973188745\",\"content\":\"\",\"maxAge\":604800,\"phoneNumbers\":[{\"type\":\"\",\"number\":\"(317) 773-7004\"}],\"addressLines\":[\"14139 Town Center Boulevard\",\"Noblesville, IN\"],\"html\":{}}','2010-12-13 05:14:01','2010-12-13 05:14:01',NULL,NULL,NULL,NULL),(9,'Pizza Hut','11722 Allisonville Road','Fishers','IN',NULL,'11722 Allisonville Road<br />Fishers, IN','{\"GsearchResultClass\":\"GlocalSearch\",\"viewportmode\":\"explicit\",\"listingType\":\"local\",\"lat\":\"39.958586\",\"lng\":\"-86.039499\",\"accuracy\":\"8\",\"title\":\"<b>Pizza Hut</b>\",\"titleNoFormatting\":\"Pizza Hut\",\"ddUrl\":\"http://www.google.com/maps?source=uds&daddr=11722+Allisonville+Road,+Fishers,+IN+(Pizza+Hut)+@39.958586,-86.039499&saddr=Fishers,+IN\",\"ddUrlToHere\":\"http://www.google.com/maps?source=uds&daddr=11722+Allisonville+Road,+Fishers,+IN+(Pizza+Hut)+@39.958586,-86.039499&iwstate1=dir:to\",\"ddUrlFromHere\":\"http://www.google.com/maps?source=uds&saddr=11722+Allisonville+Road,+Fishers,+IN+(Pizza+Hut)+@39.958586,-86.039499&iwstate1=dir:from\",\"streetAddress\":\"11722 Allisonville Road\",\"city\":\"Fishers\",\"region\":\"IN\",\"country\":\"United States\",\"staticMapUrl\":\"http://maps.google.com/maps/api/staticmap?maptype=roadmap&format=gif&sensor=false&size=150x100&zoom=13&markers=39.958586,-86.039499\",\"url\":\"http://www.google.com/maps/place?source=uds&q=Pizza+Hut&cid=16137715927698358484\",\"content\":\"\",\"maxAge\":604800,\"phoneNumbers\":[{\"type\":\"\",\"number\":\"(317) 578-8000\"}],\"addressLines\":[\"11722 Allisonville Road\",\"Fishers, IN\"],\"html\":{}}','2010-12-13 05:15:51','2010-12-13 07:31:29','pizzahut','PizzaHut','http://a1.twimg.com/profile_images/181249429/Twitter_Icon_normal.jpg',NULL),(10,'Einstein Bros Bagels','8650 East 96th Street','Fishers','IN',NULL,'8650 East 96th Street<br />Fishers, IN','{\"GsearchResultClass\":\"GlocalSearch\",\"viewportmode\":\"explicit\",\"listingType\":\"local\",\"lat\":\"39.927386\",\"lng\":\"-86.01509\",\"accuracy\":\"8\",\"title\":\"<b>Einstein Bros Bagels</b>\",\"titleNoFormatting\":\"Einstein Bros Bagels\",\"ddUrl\":\"http://www.google.com/maps?source=uds&daddr=8650+East+96th+Street,+Fishers,+IN+(Einstein+Bros+Bagels)+@39.927386,-86.01509&saddr=Fishers,+IN\",\"ddUrlToHere\":\"http://www.google.com/maps?source=uds&daddr=8650+East+96th+Street,+Fishers,+IN+(Einstein+Bros+Bagels)+@39.927386,-86.01509&iwstate1=dir:to\",\"ddUrlFromHere\":\"http://www.google.com/maps?source=uds&saddr=8650+East+96th+Street,+Fishers,+IN+(Einstein+Bros+Bagels)+@39.927386,-86.01509&iwstate1=dir:from\",\"streetAddress\":\"8650 East 96th Street\",\"city\":\"Fishers\",\"region\":\"IN\",\"country\":\"United States\",\"staticMapUrl\":\"http://maps.google.com/maps/api/staticmap?maptype=roadmap&format=gif&sensor=false&size=150x100&zoom=13&markers=39.927386,-86.01509\",\"url\":\"http://www.google.com/maps/place?source=uds&q=Einstein+Bros+Bagels&cid=7287073073825293064\",\"content\":\"\",\"maxAge\":604800,\"phoneNumbers\":[{\"type\":\"\",\"number\":\"(317) 585-9888\"}],\"addressLines\":[\"8650 East 96th Street\",\"Fishers, IN\"],\"html\":{}}','2010-12-13 07:32:12','2010-12-13 07:32:12',NULL,NULL,NULL,NULL),(11,'Carter\'s','8637 River Crossing Blvd.','Indianapolis','IN',NULL,'8637 River Crossing Blvd.<br />Indianapolis, IN','{\"GsearchResultClass\":\"GlocalSearch\",\"viewportmode\":\"explicit\",\"listingType\":\"local\",\"lat\":\"39.912622\",\"lng\":\"-86.10635\",\"accuracy\":\"5\",\"title\":\"<b>Carter&#39;s</b>\",\"titleNoFormatting\":\"Carter\'s\",\"ddUrl\":\"http://www.google.com/maps?source=uds&daddr=8637+River+Crossing+Blvd.,+Indianapolis,+IN+(Carter\'s)+@39.912622,-86.10635&saddr=Fishers,+IN\",\"ddUrlToHere\":\"http://www.google.com/maps?source=uds&daddr=8637+River+Crossing+Blvd.,+Indianapolis,+IN+(Carter\'s)+@39.912622,-86.10635&iwstate1=dir:to\",\"ddUrlFromHere\":\"http://www.google.com/maps?source=uds&saddr=8637+River+Crossing+Blvd.,+Indianapolis,+IN+(Carter\'s)+@39.912622,-86.10635&iwstate1=dir:from\",\"streetAddress\":\"8637 River Crossing Blvd.\",\"city\":\"Indianapolis\",\"region\":\"IN\",\"country\":\"United States\",\"staticMapUrl\":\"http://maps.google.com/maps/api/staticmap?maptype=roadmap&format=gif&sensor=false&size=150x100&zoom=13&markers=39.912622,-86.10635\",\"url\":\"http://www.google.com/maps/place?source=uds&q=Carter\'s&cid=474807032619463037\",\"content\":\"\",\"maxAge\":604800,\"phoneNumbers\":[{\"type\":\"\",\"number\":\"(317) 208-9001\"}],\"addressLines\":[\"8637 River Crossing Blvd.\",\"Indianapolis, IN\"],\"html\":{}}','2010-12-13 07:32:58','2010-12-13 07:35:50',NULL,'Carters',NULL,NULL),(12,'Chick-fil-A','16685 Mercantile Boulevard','Noblesville','IN',NULL,'16685 Mercantile Boulevard<br />Noblesville, IN','{\"GsearchResultClass\":\"GlocalSearch\",\"viewportmode\":\"computed\",\"listingType\":\"local\",\"lat\":\"40.031475\",\"lng\":\"-85.99439\",\"accuracy\":\"8\",\"title\":\"<b>Chick</b>-<b>fil</b>-A\",\"titleNoFormatting\":\"Chick-fil-A\",\"ddUrl\":\"http://www.google.com/maps?source=uds&daddr=16685+Mercantile+Boulevard,+Noblesville,+IN+(Chick-fil-A)+@40.031475,-85.99439&saddr=Fishers,+IN\",\"ddUrlToHere\":\"http://www.google.com/maps?source=uds&daddr=16685+Mercantile+Boulevard,+Noblesville,+IN+(Chick-fil-A)+@40.031475,-85.99439&iwstate1=dir:to\",\"ddUrlFromHere\":\"http://www.google.com/maps?source=uds&saddr=16685+Mercantile+Boulevard,+Noblesville,+IN+(Chick-fil-A)+@40.031475,-85.99439&iwstate1=dir:from\",\"streetAddress\":\"16685 Mercantile Boulevard\",\"city\":\"Noblesville\",\"region\":\"IN\",\"country\":\"United States\",\"staticMapUrl\":\"http://maps.google.com/maps/api/staticmap?maptype=roadmap&format=gif&sensor=false&size=150x100&zoom=13&markers=40.031475,-85.99439\",\"url\":\"http://www.google.com/maps/place?source=uds&q=Chick+Fil+A&cid=16115961010114654050\",\"content\":\"\",\"maxAge\":604800,\"phoneNumbers\":[{\"type\":\"\",\"number\":\"(317) 773-4100\"}],\"addressLines\":[\"16685 Mercantile Boulevard\",\"Noblesville, IN\"],\"html\":{}}','2010-12-13 07:36:41','2010-12-13 07:37:38','ChickfilA','ChickfilA','http://a1.twimg.com/profile_images/1148181013/CFA_Icon_Red_normal.JPG',NULL),(13,'Goodrich Hamilton 16 IMAX','13825 Norell Road','Noblesville','IN',NULL,'13825 Norell Road<br />Noblesville, IN','{\"GsearchResultClass\":\"GlocalSearch\",\"viewportmode\":\"computed\",\"listingType\":\"local\",\"lat\":\"39.989796\",\"lng\":\"-85.932698\",\"accuracy\":\"8\",\"title\":\"Goodrich <b>Hamilton 16 IMAX</b>\",\"titleNoFormatting\":\"Goodrich Hamilton 16 IMAX\",\"ddUrl\":\"http://www.google.com/maps?source=uds&daddr=13825+Norell+Road,+Noblesville,+IN+(Goodrich+Hamilton+16+IMAX)+@39.989796,-85.932698&saddr=Fishers,+IN\",\"ddUrlToHere\":\"http://www.google.com/maps?source=uds&daddr=13825+Norell+Road,+Noblesville,+IN+(Goodrich+Hamilton+16+IMAX)+@39.989796,-85.932698&iwstate1=dir:to\",\"ddUrlFromHere\":\"http://www.google.com/maps?source=uds&saddr=13825+Norell+Road,+Noblesville,+IN+(Goodrich+Hamilton+16+IMAX)+@39.989796,-85.932698&iwstate1=dir:from\",\"streetAddress\":\"13825 Norell Road\",\"city\":\"Noblesville\",\"region\":\"IN\",\"country\":\"United States\",\"staticMapUrl\":\"http://maps.google.com/maps/api/staticmap?maptype=roadmap&format=gif&sensor=false&size=150x100&zoom=13&markers=39.989796,-85.932698\",\"url\":\"http://www.google.com/maps/place?source=uds&q=hamilton+16+imax&cid=9410652711423063776\",\"content\":\"\",\"maxAge\":604800,\"phoneNumbers\":[{\"type\":\"\",\"number\":\"(317) 708-3600\"},{\"type\":\"\",\"number\":\"(317) 773-3324\"}],\"addressLines\":[\"13825 Norell Road\",\"Noblesville, IN\"],\"html\":{}}','2010-12-13 07:38:16','2010-12-13 07:38:16',NULL,NULL,NULL,NULL),(14,'CVS/pharmacy','13050 Publishers Place','Fishers','IN',NULL,'13050 Publishers Place<br />Fishers, IN','{\"GsearchResultClass\":\"GlocalSearch\",\"viewportmode\":\"explicit\",\"listingType\":\"local\",\"lat\":\"39.978086\",\"lng\":\"-86.002563\",\"accuracy\":\"8\",\"title\":\"<b>CVS/pharmacy</b>\",\"titleNoFormatting\":\"CVS/pharmacy\",\"ddUrl\":\"http://www.google.com/maps?source=uds&daddr=13050+Publishers+Place,+Fishers,+IN+(CVS/pharmacy)+@39.978086,-86.002563&saddr=Fishers,+IN\",\"ddUrlToHere\":\"http://www.google.com/maps?source=uds&daddr=13050+Publishers+Place,+Fishers,+IN+(CVS/pharmacy)+@39.978086,-86.002563&iwstate1=dir:to\",\"ddUrlFromHere\":\"http://www.google.com/maps?source=uds&saddr=13050+Publishers+Place,+Fishers,+IN+(CVS/pharmacy)+@39.978086,-86.002563&iwstate1=dir:from\",\"streetAddress\":\"13050 Publishers Place\",\"city\":\"Fishers\",\"region\":\"IN\",\"country\":\"United States\",\"staticMapUrl\":\"http://maps.google.com/maps/api/staticmap?maptype=roadmap&format=gif&sensor=false&size=150x100&zoom=13&markers=39.978086,-86.002563\",\"url\":\"http://www.google.com/maps/place?source=uds&q=CVS/pharmacy&cid=15697837783511329054\",\"content\":\"\",\"maxAge\":604800,\"phoneNumbers\":[{\"type\":\"\",\"number\":\"(317) 598-4409\"},{\"type\":\"Fax\",\"number\":\"(317) 598-4414\"}],\"addressLines\":[\"13050 Publishers Place\",\"Fishers, IN\"],\"html\":{}}','2010-12-13 07:39:02','2010-12-13 07:51:52','CVS_Extra',NULL,'http://a3.twimg.com/profile_images/1122953179/FacebookIcon_CVS_8.18_normal.jpg',NULL),(15,'Marsh Dr','Marsh Dr','Fishers','Indiana',NULL,'Marsh Dr<br />Fishers, IN 46038',NULL,'2010-12-13 07:44:24','2010-12-13 07:44:54','MarshGrocery','marshsupermarket','http://a3.twimg.com/profile_images/1178559051/FB_Badge_Shrimp_normal.jpg',NULL),(16,'K Love Radio Network','800 E Northwest Hwy # 1030','Palatine','IL',NULL,'800 E Northwest Hwy # 1030<br />Palatine, IL',NULL,'2010-12-13 07:47:33','2010-12-13 07:49:06','kloveradio','kloveradio','http://a1.twimg.com/profile_images/1001312381/KL-icon-generic_normal.jpg',NULL),(17,'KFC','8990 East 116th Street','Fishers','IN',NULL,'8990 East 116th Street<br />Fishers, IN','{\"GsearchResultClass\":\"GlocalSearch\",\"viewportmode\":\"explicit\",\"listingType\":\"local\",\"lat\":\"39.957059\",\"lng\":\"-86.012873\",\"accuracy\":\"8\",\"title\":\"<b>KFC</b>\",\"titleNoFormatting\":\"KFC\",\"ddUrl\":\"http://www.google.com/maps?source=uds&daddr=8990+East+116th+Street,+Fishers,+IN+(KFC)+@39.957059,-86.012873&saddr=Fishers,+IN\",\"ddUrlToHere\":\"http://www.google.com/maps?source=uds&daddr=8990+East+116th+Street,+Fishers,+IN+(KFC)+@39.957059,-86.012873&iwstate1=dir:to\",\"ddUrlFromHere\":\"http://www.google.com/maps?source=uds&saddr=8990+East+116th+Street,+Fishers,+IN+(KFC)+@39.957059,-86.012873&iwstate1=dir:from\",\"streetAddress\":\"8990 East 116th Street\",\"city\":\"Fishers\",\"region\":\"IN\",\"country\":\"United States\",\"staticMapUrl\":\"http://maps.google.com/maps/api/staticmap?maptype=roadmap&format=gif&sensor=false&size=150x100&zoom=13&markers=39.957059,-86.012873\",\"url\":\"http://www.google.com/maps/place?source=uds&q=KFC&cid=7545221800711159861\",\"content\":\"\",\"maxAge\":604800,\"phoneNumbers\":[{\"type\":\"\",\"number\":\"(317) 594-9117\"}],\"addressLines\":[\"8990 East 116th Street\",\"Fishers, IN\"],\"html\":{}}','2010-12-14 03:32:51','2010-12-14 03:32:57',NULL,NULL,'http://a0.twimg.com/profile_images/63223400/chicken_normal.gif',NULL),(18,'McDonald\'s: North','8907 East 116th Street','Fishers','IN',NULL,'8907 East 116th Street<br />Fishers, IN',NULL,'2010-12-14 04:09:45','2010-12-14 04:09:45',NULL,NULL,NULL,NULL),(19,'Marsh Supermarket','14450 Mundy Drive','Noblesville','IN',NULL,'14450 Mundy Drive<br />Noblesville, IN',NULL,'2010-12-14 04:14:58','2010-12-14 04:15:54','MarshGrocery','marshsupermarket','http://a3.twimg.com/profile_images/1178559051/FB_Badge_Shrimp_normal.jpg',NULL),(20,'Ordinary The','61 South Van Buren Street','Nashville','IN',NULL,'61 South Van Buren Street<br />Nashville, IN',NULL,'2010-12-16 04:33:55','2010-12-16 04:33:55',NULL,NULL,NULL,NULL),(21,'Exxon','9000 Mansfield Rd','Shreveport','LA',NULL,'9000 Mansfield Rd<br />Shreveport, LA',NULL,'2011-01-03 04:35:23','2011-01-03 04:43:00','exxonmobil',NULL,'http://a1.twimg.com/profile_images/483028319/ExxonMobil3_normal.png',NULL),(22,'Exxon','2319 North Washington','Forrest City','AR',NULL,'2319 North Washington<br />Forrest City, AR',NULL,'2011-01-03 05:09:16','2011-01-03 05:09:21','exxonmobil',NULL,'http://a1.twimg.com/profile_images/483028319/ExxonMobil3_normal.png',NULL),(23,'Exxon','5423 University Pkwy','Natchitoches','LA',NULL,'5423 University Pkwy<br />Natchitoches, LA','{\"GsearchResultClass\":\"GlocalSearch\",\"viewportmode\":\"explicit\",\"listingType\":\"local\",\"lat\":\"31.725128\",\"lng\":\"-93.162115\",\"accuracy\":\"5\",\"title\":\"<b>Exxon</b>\",\"titleNoFormatting\":\"Exxon\",\"ddUrl\":\"http://www.google.com/maps?source=uds&daddr=5423+University+Pkwy,+Natchitoches,+LA+(Exxon)+@31.725128,-93.162115&saddr=Fishers,+IN\",\"ddUrlToHere\":\"http://www.google.com/maps?source=uds&daddr=5423+University+Pkwy,+Natchitoches,+LA+(Exxon)+@31.725128,-93.162115&iwstate1=dir:to\",\"ddUrlFromHere\":\"http://www.google.com/maps?source=uds&saddr=5423+University+Pkwy,+Natchitoches,+LA+(Exxon)+@31.725128,-93.162115&iwstate1=dir:from\",\"streetAddress\":\"5423 University Pkwy\",\"city\":\"Natchitoches\",\"region\":\"LA\",\"country\":\"United States\",\"staticMapUrl\":\"http://maps.google.com/maps/api/staticmap?maptype=roadmap&format=gif&sensor=false&size=150x100&zoom=13&markers=31.725128,-93.162115\",\"url\":\"http://www.google.com/maps/place?source=uds&q=Exxon&cid=15778222351598890390\",\"content\":\"\",\"maxAge\":604800,\"phoneNumbers\":[{\"type\":\"\",\"number\":\"(318) 238-2338\"}],\"addressLines\":[\"5423 University Pkwy\",\"Natchitoches, LA\"],\"html\":{}}','2011-01-03 05:10:43','2011-01-03 05:19:33','exxonmobil',NULL,'http://a1.twimg.com/profile_images/483028319/ExxonMobil3_normal.png',NULL),(24,'Exxon','2402 Cantrell Rd','Little Rock','AR',NULL,'2402 Cantrell Rd<br />Little Rock, AR','{\"GsearchResultClass\":\"GlocalSearch\",\"viewportmode\":\"explicit\",\"listingType\":\"local\",\"lat\":\"34.758326\",\"lng\":\"-92.302279\",\"accuracy\":\"5\",\"title\":\"<b>Exxon</b>\",\"titleNoFormatting\":\"Exxon\",\"ddUrl\":\"http://www.google.com/maps?source=uds&daddr=2402+Cantrell+Rd,+Little+Rock,+AR+(Exxon)+@34.758326,-92.302279&saddr=Fishers,+IN\",\"ddUrlToHere\":\"http://www.google.com/maps?source=uds&daddr=2402+Cantrell+Rd,+Little+Rock,+AR+(Exxon)+@34.758326,-92.302279&iwstate1=dir:to\",\"ddUrlFromHere\":\"http://www.google.com/maps?source=uds&saddr=2402+Cantrell+Rd,+Little+Rock,+AR+(Exxon)+@34.758326,-92.302279&iwstate1=dir:from\",\"streetAddress\":\"2402 Cantrell Rd\",\"city\":\"Little Rock\",\"region\":\"AR\",\"country\":\"United States\",\"staticMapUrl\":\"http://maps.google.com/maps/api/staticmap?maptype=roadmap&format=gif&sensor=false&size=150x100&zoom=13&markers=34.758326,-92.302279\",\"url\":\"http://www.google.com/maps/place?source=uds&q=Exxon&cid=12922161574775073981\",\"content\":\"\",\"maxAge\":604800,\"phoneNumbers\":[{\"type\":\"\",\"number\":\"(501) 664-2866\"}],\"addressLines\":[\"2402 Cantrell Rd\",\"Little Rock, AR\"],\"html\":{}}','2011-01-03 05:13:59','2011-01-03 05:14:18','exxonmobil',NULL,'http://a1.twimg.com/profile_images/483028319/ExxonMobil3_normal.png',NULL),(25,'Fishers Eye Care','11559 Cumberland Rd # 300','Fishers','IN',NULL,'11559 Cumberland Rd # 300<br />Fishers, IN','{\"GsearchResultClass\":\"GlocalSearch\",\"viewportmode\":\"computed\",\"listingType\":\"local\",\"lat\":\"39.955767\",\"lng\":\"-85.994852\",\"accuracy\":\"8\",\"title\":\"<b>Fishers Eye Care</b>\",\"titleNoFormatting\":\"Fishers Eye Care\",\"ddUrl\":\"http://www.google.com/maps?source=uds&daddr=11559+Cumberland+Rd+%23+300,+Fishers,+IN+(Fishers+Eye+Care)+@39.955767,-85.994852&saddr=Fishers,+IN\",\"ddUrlToHere\":\"http://www.google.com/maps?source=uds&daddr=11559+Cumberland+Rd+%23+300,+Fishers,+IN+(Fishers+Eye+Care)+@39.955767,-85.994852&iwstate1=dir:to\",\"ddUrlFromHere\":\"http://www.google.com/maps?source=uds&saddr=11559+Cumberland+Rd+%23+300,+Fishers,+IN+(Fishers+Eye+Care)+@39.955767,-85.994852&iwstate1=dir:from\",\"streetAddress\":\"11559 Cumberland Rd # 300\",\"city\":\"Fishers\",\"region\":\"IN\",\"country\":\"United States\",\"staticMapUrl\":\"http://maps.google.com/maps/api/staticmap?maptype=roadmap&format=gif&sensor=false&size=150x100&zoom=13&markers=39.955767,-85.994852\",\"url\":\"http://www.google.com/maps/place?source=uds&q=Fishers+Eye+Care&cid=229336268977878039\",\"content\":\"\",\"maxAge\":604800,\"phoneNumbers\":[{\"type\":\"\",\"number\":\"(317) 594-5000\"}],\"addressLines\":[\"11559 Cumberland Rd # 300\",\"Fishers, IN\"],\"html\":{}}','2011-01-03 05:22:45','2011-01-03 05:22:45',NULL,NULL,NULL,NULL),(26,'Exit 5 Plaza','9785 E 116th St.','Fishers','IN',NULL,'9785 E 116th St.<br />Fishers, IN','{\"GsearchResultClass\":\"GlocalSearch\",\"viewportmode\":\"explicit\",\"listingType\":\"local\",\"lat\":\"39.956981\",\"lng\":\"-85.995372\",\"accuracy\":\"5\",\"title\":\"Exit 5 Plaza\",\"titleNoFormatting\":\"Exit 5 Plaza\",\"ddUrl\":\"http://www.google.com/maps?source=uds&daddr=9785+E+116th+St.,+Fishers,+IN+(Exit+5+Plaza)+@39.956981,-85.995372&saddr=39.955593,-86.013873\",\"ddUrlToHere\":\"http://www.google.com/maps?source=uds&daddr=9785+E+116th+St.,+Fishers,+IN+(Exit+5+Plaza)+@39.956981,-85.995372&iwstate1=dir:to\",\"ddUrlFromHere\":\"http://www.google.com/maps?source=uds&saddr=9785+E+116th+St.,+Fishers,+IN+(Exit+5+Plaza)+@39.956981,-85.995372&iwstate1=dir:from\",\"streetAddress\":\"9785 E 116th St.\",\"city\":\"Fishers\",\"region\":\"IN\",\"country\":\"United States\",\"staticMapUrl\":\"http://maps.google.com/maps/api/staticmap?maptype=roadmap&format=gif&sensor=false&size=150x100&zoom=13&markers=39.956981,-85.995372\",\"url\":\"http://www.google.com/maps/place?source=uds&q=great+clips&cid=16324287531773545271\",\"content\":\"\",\"maxAge\":604800,\"phoneNumbers\":[{\"type\":\"\",\"number\":\"(317) 578-1790\"}],\"addressLines\":[\"9785 E 116th St.\",\"Fishers, IN\"],\"html\":{}}','2011-01-03 05:36:31','2011-01-03 05:36:31',NULL,NULL,NULL,NULL),(31,NULL,NULL,NULL,NULL,NULL,NULL,NULL,'2011-01-28 09:38:31','2011-01-28 09:38:31',NULL,NULL,NULL,NULL),(32,NULL,NULL,NULL,NULL,NULL,NULL,NULL,'2011-01-28 09:41:53','2011-01-28 09:41:53',NULL,NULL,NULL,NULL),(28,'Jo-Ann Fabric and Craft Store','1357 86th Street West','Indianapolis','IN',NULL,'1357 86th Street West<br />Indianapolis, IN',NULL,'2011-01-03 06:02:49','2011-01-03 06:02:49',NULL,NULL,NULL,NULL),(29,'Duke Energy','16475 Southpark Drive','Westfield','IN',NULL,'16475 Southpark Drive<br />Westfield, IN','{\"GsearchResultClass\":\"GlocalSearch\",\"viewportmode\":\"computed\",\"listingType\":\"local\",\"lat\":\"40.026033\",\"lng\":\"-86.138359\",\"accuracy\":\"8\",\"title\":\"<b>Duke Energy</b>\",\"titleNoFormatting\":\"Duke Energy\",\"ddUrl\":\"http://www.google.com/maps?source=uds&daddr=16475+Southpark+Drive,+Westfield,+IN+(Duke+Energy)+@40.026033,-86.138359&saddr=Fishers,+IN\",\"ddUrlToHere\":\"http://www.google.com/maps?source=uds&daddr=16475+Southpark+Drive,+Westfield,+IN+(Duke+Energy)+@40.026033,-86.138359&iwstate1=dir:to\",\"ddUrlFromHere\":\"http://www.google.com/maps?source=uds&saddr=16475+Southpark+Drive,+Westfield,+IN+(Duke+Energy)+@40.026033,-86.138359&iwstate1=dir:from\",\"streetAddress\":\"16475 Southpark Drive\",\"city\":\"Westfield\",\"region\":\"IN\",\"country\":\"United States\",\"staticMapUrl\":\"http://maps.google.com/maps/api/staticmap?maptype=roadmap&format=gif&sensor=false&size=150x100&zoom=13&markers=40.026033,-86.138359\",\"url\":\"http://www.google.com/maps/place?source=uds&q=Duke+Energy&cid=14607852141890760089\",\"content\":\"\",\"maxAge\":604800,\"phoneNumbers\":[{\"type\":\"\",\"number\":\"(317) 867-4273\"}],\"addressLines\":[\"16475 Southpark Drive\",\"Westfield, IN\"],\"html\":{}}','2011-01-10 13:25:14','2011-01-10 13:25:24','DukeEnergyNews',NULL,'http://a0.twimg.com/profile_images/484766284/DENews_avatar_normal.JPG',NULL),(30,'TruGreen','11755 Technology Drive','Fishers','IN',NULL,'11755 Technology Drive<br />Fishers, IN',NULL,'2011-01-25 04:55:48','2011-01-25 04:56:35','trugreentally',NULL,'http://a3.twimg.com/profile_images/700593481/trugreen-logo-for-facebook_normal.jpg',NULL),(47,'Ram Restaurant & Brewery','12750 Parkside Drive','Fishers','IN',NULL,'12750 Parkside Drive<br />Fishers, IN',NULL,'2011-02-01 02:35:44','2011-02-01 02:35:44',NULL,NULL,NULL,NULL),(48,'Ram Restaurant & Brewery','12750 Parkside Drive','Fishers','IN',NULL,'12750 Parkside Drive<br />Fishers, IN',NULL,'2011-02-01 02:46:46','2011-02-01 02:46:46',NULL,NULL,NULL,NULL),(49,'Ram Restaurant & Brewery','12750 Parkside Drive','Fishers','IN',NULL,'12750 Parkside Drive<br />Fishers, IN',NULL,'2011-02-01 02:53:12','2011-02-01 02:53:12',NULL,NULL,NULL,NULL),(50,'Ram Restaurant & Brewery','12750 Parkside Drive','Fishers','IN',NULL,'12750 Parkside Drive<br />Fishers, IN',NULL,'2011-02-01 02:59:09','2011-02-01 02:59:09',NULL,NULL,NULL,NULL),(51,'Fishers Eye Care','11559 Cumberland Rd # 300','Fishers','IN',NULL,'11559 Cumberland Rd # 300<br />Fishers, IN',NULL,'2011-02-01 03:43:44','2011-02-01 03:43:44',NULL,NULL,NULL,NULL),(52,'Fishers Eye Care','11559 Cumberland Rd # 300','Fishers','IN',NULL,'11559 Cumberland Rd # 300<br />Fishers, IN',NULL,'2011-02-01 03:43:45','2011-02-01 03:43:45',NULL,NULL,NULL,NULL),(53,'Fishers Eye Care','11559 Cumberland Rd # 300','Fishers','IN',NULL,'11559 Cumberland Rd # 300<br />Fishers, IN',NULL,'2011-02-01 03:43:48','2011-02-01 03:43:48',NULL,NULL,NULL,NULL),(54,'Fishers Eye Care','11559 Cumberland Rd # 300','Fishers','IN',NULL,'11559 Cumberland Rd # 300<br />Fishers, IN',NULL,'2011-02-01 03:43:48','2011-02-01 03:43:48',NULL,NULL,NULL,NULL),(55,'Fishers Eye Care','11559 Cumberland Rd # 300','Fishers','IN',NULL,'11559 Cumberland Rd # 300<br />Fishers, IN',NULL,'2011-02-01 03:43:49','2011-02-01 03:43:49',NULL,NULL,NULL,NULL),(56,'Fishers Eye Care','11559 Cumberland Rd # 300','Fishers','IN',NULL,'11559 Cumberland Rd # 300<br />Fishers, IN',NULL,'2011-02-01 03:43:56','2011-02-01 03:43:56',NULL,NULL,NULL,NULL),(57,'Fishers Eye Care','11559 Cumberland Rd # 300','Fishers','IN',NULL,'11559 Cumberland Rd # 300<br />Fishers, IN',NULL,'2011-02-01 03:46:42','2011-02-01 03:46:42',NULL,NULL,NULL,NULL),(58,'Fishers Eye Care','11559 Cumberland Rd # 300','Fishers','IN',NULL,'11559 Cumberland Rd # 300<br />Fishers, IN',NULL,'2011-02-01 03:48:34','2011-02-01 03:48:34',NULL,NULL,NULL,NULL),(59,'Fishers Eye Care','11559 Cumberland Rd # 300','Fishers','IN',NULL,'11559 Cumberland Rd # 300<br />Fishers, IN',NULL,'2011-02-01 03:49:39','2011-02-01 03:49:39',NULL,NULL,NULL,NULL),(60,'Fishers Eye Care','11559 Cumberland Rd # 300','Fishers','IN',NULL,'11559 Cumberland Rd # 300<br />Fishers, IN',NULL,'2011-02-01 03:50:40','2011-02-01 03:50:40',NULL,NULL,NULL,NULL),(61,'Children\'s Museum The','3000 North Meridian Street','Indianapolis','Indiana',NULL,'3000 North Meridian Street<br />Indianapolis, Indiana',NULL,'2011-02-08 21:44:44','2011-02-08 21:44:44',NULL,NULL,NULL,NULL),(62,'The Wooden Key','2176 East 116th Street','Carmel','IN',NULL,'2176 East 116th Street<br />Carmel, IN',NULL,'2011-02-08 21:52:11','2011-02-08 21:52:11',NULL,NULL,NULL,NULL),(63,'Jason\'s Deli','4026 East 82nd Street','Indianapolis','IN',NULL,'4026 East 82nd Street<br />Indianapolis, IN',NULL,'2011-02-08 21:57:28','2011-02-08 21:57:28','jasonsdeli',NULL,'http://a1.twimg.com/profile_images/731933554/_FinalJasonsAvatar_normal.jpg',NULL),(64,'Meijer','8375 E. 96th St.','Indianapolis','IN',NULL,'8375 E. 96th St.<br />Indianapolis, IN',NULL,'2011-02-09 04:51:44','2011-02-09 04:51:44',NULL,NULL,NULL,'ASDF1293'),(65,'Macy\'s Glendale Shopping Center','6101 North Keystone Avenue','Indianapolis','IN',NULL,'6101 North Keystone Avenue<br />Indianapolis, IN',NULL,'2011-02-09 05:02:07','2011-02-09 05:02:07',NULL,NULL,NULL,'ASDF1284'),(66,'Wetzel\'s Pretzels','6020 E 82nd St # 1303','Indianapolis','IN',NULL,'6020 E 82nd St # 1303<br />Indianapolis, IN',NULL,'2011-02-09 05:04:31','2011-02-09 05:04:31',NULL,NULL,NULL,'ASDF1337'),(67,'Wetzel\'s Pretzels','6020 E 82nd St # 1303','Indianapolis','IN',NULL,'6020 E 82nd St # 1303<br />Indianapolis, IN',NULL,'2011-02-09 05:09:16','2011-02-09 05:09:16',NULL,NULL,NULL,'ASDF1337'),(68,'Wetzel\'s Pretzels','6020 E 82nd St # 1303','Indianapolis','IN',NULL,'6020 E 82nd St # 1303<br />Indianapolis, IN',NULL,'2011-02-09 05:11:24','2011-02-09 05:11:24',NULL,NULL,NULL,'ASDF1337'),(69,'Chick-fil-A','16685 Mercantile Blvd','Noblesville','IN',NULL,'16685 Mercantile Blvd<br />Noblesville, IN',NULL,'2011-02-09 05:15:14','2011-02-09 05:15:14',NULL,NULL,NULL,'ASDF1247'),(70,'1930 Conner St','1930 Conner St','Noblesville','Indiana',NULL,'Marsh Supermarket & Pharmacy: North<br />1930 Conner St, Noblesville, IN 46060',NULL,'2011-02-09 05:18:44','2011-02-09 05:18:44',NULL,NULL,NULL,'ASDF1288'),(71,'Walmart Supercenter','16865 Clover Road','Noblesville','IN',NULL,'16865 Clover Road<br />Noblesville, IN',NULL,'2011-02-09 05:19:29','2011-02-09 05:19:29',NULL,NULL,NULL,'ASDF1335'),(72,'PetSmart Noblesville','17180 Mercantile Blvd','Noblesville','IN',NULL,'17180 Mercantile Blvd<br />Noblesville, IN',NULL,'2011-02-14 15:26:43','2011-02-14 15:26:43',NULL,NULL,NULL,'ASDF1305'),(73,'Ram Restaurant & Brewery','12750 Parkside Drive','Fishers','IN',NULL,'12750 Parkside Drive<br />Fishers, IN','{\"GsearchResultClass\":\"GlocalSearch\",\"viewportmode\":\"computed\",\"listingType\":\"local\",\"lat\":\"39.973246\",\"lng\":\"-86.002901\",\"accuracy\":\"8\",\"title\":\"<b>Ram Restaurant</b> &amp; <b>Brewery</b>\",\"titleNoFormatting\":\"Ram Restaurant & Brewery\",\"ddUrl\":\"http://www.google.com/maps?source=uds&daddr=12750+Parkside+Drive,+Fishers,+IN+(Ram+Restaurant+%26+Brewery)+@39.973246,-86.002901&saddr=Fishers,+IN\",\"ddUrlToHere\":\"http://www.google.com/maps?source=uds&daddr=12750+Parkside+Drive,+Fishers,+IN+(Ram+Restaurant+%26+Brewery)+@39.973246,-86.002901&iwstate1=dir:to\",\"ddUrlFromHere\":\"http://www.google.com/maps?source=uds&saddr=12750+Parkside+Drive,+Fishers,+IN+(Ram+Restaurant+%26+Brewery)+@39.973246,-86.002901&iwstate1=dir:from\",\"streetAddress\":\"12750 Parkside Drive\",\"city\":\"Fishers\",\"region\":\"IN\",\"country\":\"United States\",\"staticMapUrl\":\"http://maps.google.com/maps/api/staticmap?maptype=roadmap&format=gif&sensor=false&size=150x100&zoom=13&markers=39.973246,-86.002901\",\"url\":\"http://www.google.com/maps/place?source=uds&q=Ram+Restaurant+%26+Brewery&cid=12947733237901781149\",\"content\":\"\",\"maxAge\":604800,\"phoneNumbers\":[{\"type\":\"\",\"number\":\"(317) 596-0079\"},{\"type\":\"Fax\",\"number\":\"(317) 596-0085\"}],\"addressLines\":[\"12750 Parkside Drive\",\"Fishers, IN\"],\"html\":{}}','2011-03-08 23:08:21','2011-03-08 23:08:21',NULL,NULL,NULL,NULL);
/*!40000 ALTER TABLE `merchants` ENABLE KEYS */;
UNLOCK TABLES;

--
-- Table structure for table `rails_admin_histories`
--

DROP TABLE IF EXISTS `rails_admin_histories`;
/*!40101 SET @saved_cs_client     = @@character_set_client */;
/*!40101 SET character_set_client = utf8 */;
CREATE TABLE `rails_admin_histories` (
  `id` int(11) NOT NULL AUTO_INCREMENT,
  `message` varchar(255) COLLATE utf8_unicode_ci DEFAULT NULL,
  `username` varchar(255) COLLATE utf8_unicode_ci DEFAULT NULL,
  `item` int(11) DEFAULT NULL,
  `table` varchar(255) COLLATE utf8_unicode_ci DEFAULT NULL,
  `month` int(11) DEFAULT NULL,
  `year` bigint(20) DEFAULT NULL,
  `created_at` datetime DEFAULT NULL,
  `updated_at` datetime DEFAULT NULL,
  PRIMARY KEY (`id`),
  KEY `index_histories_on_item_and_table_and_month_and_year` (`item`,`table`,`month`,`year`)
) ENGINE=MyISAM AUTO_INCREMENT=58 DEFAULT CHARSET=utf8 COLLATE=utf8_unicode_ci ROW_FORMAT=DYNAMIC;
/*!40101 SET character_set_client = @saved_cs_client */;

--
-- Dumping data for table `rails_admin_histories`
--

LOCK TABLES `rails_admin_histories` WRITE;
/*!40000 ALTER TABLE `rails_admin_histories` DISABLE KEYS */;
INSERT INTO `rails_admin_histories` VALUES (1,'Created Arnold','matt@trabian.com',1,'Atm',1,2011,'2011-01-06 05:14:24','2011-01-06 05:14:24'),(2,'Created Bridgeton Branch','matt@trabian.com',2,'Atm',1,2011,'2011-01-06 05:15:07','2011-01-06 05:15:07'),(3,'Created Cave Springs Branch','matt@trabian.com',3,'Atm',1,2011,'2011-01-06 05:15:36','2011-01-06 05:15:36'),(4,'Created Des Peres','matt@trabian.com',4,'Atm',1,2011,'2011-01-06 05:16:05','2011-01-06 05:16:05'),(5,'Created East St. Louis Branch','matt@trabian.com',5,'Atm',1,2011,'2011-01-06 05:16:30','2011-01-06 05:16:30'),(6,'Created Eureka','matt@trabian.com',6,'Atm',1,2011,'2011-01-06 05:17:39','2011-01-06 05:17:39'),(7,'Created Event #1','matt@trabian.com',1,'Event',1,2011,'2011-01-06 05:20:08','2011-01-06 05:20:08'),(8,'Created AtmEvent #2','matt@trabian.com',2,'AtmEvent',1,2011,'2011-01-06 05:35:28','2011-01-06 05:35:28'),(9,'Created AtmEvent #3','matt@trabian.com',3,'AtmEvent',1,2011,'2011-01-06 05:35:43','2011-01-06 05:35:43'),(10,'Created AtmEvent #4','matt@trabian.com',4,'AtmEvent',1,2011,'2011-01-06 07:20:08','2011-01-06 07:20:08'),(11,'Changed associated Atm','matt@trabian.com',4,'AtmEvent',1,2011,'2011-01-06 07:20:25','2011-01-06 07:20:25'),(12,'Destroyed American Express','matt@trabian.com',2,'Account',1,2011,'2011-01-06 07:29:55','2011-01-06 07:29:55'),(13,'Created Administration/Bridgeton','matt@trabian.com',1,'Branch',1,2011,'2011-01-07 04:16:58','2011-01-07 04:16:58'),(14,'Created Cave Springs','matt@trabian.com',2,'Branch',1,2011,'2011-01-07 04:17:20','2011-01-07 04:17:20'),(15,'Created Des Peres','matt@trabian.com',3,'Branch',1,2011,'2011-01-07 04:18:12','2011-01-07 04:18:12'),(16,'Created East St. Louis','matt@trabian.com',4,'Branch',1,2011,'2011-01-07 04:18:25','2011-01-07 04:18:25'),(17,'Created Teller #1','matt@trabian.com',1,'Teller',1,2011,'2011-01-07 04:19:05','2011-01-07 04:19:05'),(18,'Created Teller #2','matt@trabian.com',2,'Teller',1,2011,'2011-01-07 04:19:09','2011-01-07 04:19:09'),(19,'Created Teller #3','matt@trabian.com',3,'Teller',1,2011,'2011-01-07 04:19:13','2011-01-07 04:19:13'),(20,'Created BranchEvent #5','matt@trabian.com',5,'BranchEvent',1,2011,'2011-01-07 04:19:54','2011-01-07 04:19:54'),(21,'Created BranchEvent #6','matt@trabian.com',6,'BranchEvent',1,2011,'2011-01-07 04:21:10','2011-01-07 04:21:10'),(22,'Changed posted_at','matt@trabian.com',5,'BranchEvent',1,2011,'2011-01-07 04:40:34','2011-01-07 04:40:34'),(23,'Changed posted_at','matt@trabian.com',6,'BranchEvent',1,2011,'2011-01-07 04:40:57','2011-01-07 04:40:57'),(24,'Created BillpayEvent #7','matt@trabian.com',7,'BillpayEvent',1,2011,'2011-01-07 04:47:32','2011-01-07 04:47:32'),(25,'Changed amount','matt@trabian.com',7,'BillpayEvent',1,2011,'2011-01-07 04:47:49','2011-01-07 04:47:49'),(26,'Created CheckEvent #8','matt@trabian.com',8,'CheckEvent',1,2011,'2011-01-07 05:21:26','2011-01-07 05:21:26'),(27,'Created CheckEvent #9','matt@trabian.com',9,'CheckEvent',1,2011,'2011-01-07 05:22:02','2011-01-07 05:22:02'),(28,'Changed amount','matt@trabian.com',9,'CheckEvent',1,2011,'2011-01-07 05:22:19','2011-01-07 05:22:19'),(29,'Changed amount','matt@trabian.com',8,'CheckEvent',1,2011,'2011-01-07 05:22:24','2011-01-07 05:22:24'),(30,'Created NsfEvent #10','matt@trabian.com',10,'NsfEvent',1,2011,'2011-01-07 05:37:55','2011-01-07 05:37:55'),(31,'Created RewardEvent #11','matt@trabian.com',11,'RewardEvent',1,2011,'2011-01-07 06:05:58','2011-01-07 06:05:58'),(32,'Created December Statement','matt@trabian.com',12,'StatementEvent',1,2011,'2011-01-07 06:28:30','2011-01-07 06:28:30'),(33,'Changed posted_at','matt@trabian.com',12,'StatementEvent',1,2011,'2011-01-07 06:28:51','2011-01-07 06:28:51'),(34,'Changed opening_balance, deposits, withdrawals, ending_balance','matt@trabian.com',12,'StatementEvent',1,2011,'2011-01-07 06:54:51','2011-01-07 06:54:51'),(35,'Created CardEvent #13','matt@trabian.com',13,'CardEvent',1,2011,'2011-01-10 12:40:47','2011-01-10 12:40:47'),(36,'Changed amount','matt@trabian.com',13,'CardEvent',1,2011,'2011-01-10 12:41:06','2011-01-10 12:41:06'),(37,'Created THE RAM #1234','matt@trabian.com',14,'CardEvent',1,2011,'2011-01-10 12:44:08','2011-01-10 12:44:08'),(38,'Changed name','matt@trabian.com',13,'CardEvent',1,2011,'2011-01-10 12:49:55','2011-01-10 12:49:55'),(39,'Changed last_name, avatar','matt@trabian.com',1,'Teller',1,2011,'2011-01-24 03:40:54','2011-01-24 03:40:54'),(40,'Changed associated Teller','matt@trabian.com',5,'BranchEvent',1,2011,'2011-01-24 03:41:18','2011-01-24 03:41:18'),(41,'Changed posted_at','matt@trabian.com',6,'BranchEvent',1,2011,'2011-01-24 03:42:48','2011-01-24 03:42:48'),(42,'Changed bill_payment_processing_days, bill_payment_submitted_date','matt@trabian.com',7,'BillpayEvent',1,2011,'2011-01-24 04:22:32','2011-01-24 04:22:32'),(43,'Created iPay Technologies','matt@trabian.com',1,'Vendor',1,2011,'2011-01-24 04:24:00','2011-01-24 04:24:00'),(44,'Created Member #1','matt@trabian.com',1,'Member',1,2011,'2011-01-24 06:13:58','2011-01-24 06:13:58'),(45,'Changed associated Member','matt@trabian.com',1,'Account',1,2011,'2011-01-24 06:14:48','2011-01-24 06:14:48'),(46,'Changed avatar','matt@trabian.com',1,'Teller',1,2011,'2011-01-24 07:36:44','2011-01-24 07:36:44'),(47,'Changed associated Merchant, check_image','matt@trabian.com',9,'CheckEvent',1,2011,'2011-01-25 04:53:07','2011-01-25 04:53:07'),(48,'Changed check_image','matt@trabian.com',8,'CheckEvent',1,2011,'2011-01-25 04:53:25','2011-01-25 04:53:25'),(49,'Changed check_image','matt@trabian.com',8,'CheckEvent',1,2011,'2011-01-25 04:53:50','2011-01-25 04:53:50'),(50,'Changed associated Merchant, check_image','matt@trabian.com',8,'CheckEvent',1,2011,'2011-01-25 04:54:14','2011-01-25 04:54:14'),(51,'Changed check_image','matt@trabian.com',9,'CheckEvent',1,2011,'2011-01-25 04:54:23','2011-01-25 04:54:23'),(52,'Changed associated Merchant','matt@trabian.com',9,'CheckEvent',1,2011,'2011-01-25 04:56:49','2011-01-25 04:56:49'),(53,'Destroyed Duke Energy','matt@trabian.com',27,'Merchant',1,2011,'2011-01-27 19:31:25','2011-01-27 19:31:25'),(54,'Changed avatar','matt@trabian.com',3,'Teller',2,2011,'2011-02-08 21:50:05','2011-02-08 21:50:05'),(55,'Changed avatar','matt@trabian.com',2,'Teller',2,2011,'2011-02-08 21:50:13','2011-02-08 21:50:13'),(56,'Destroyed Used Auto','matt@trabian.com',3,'Subaccount',2,2011,'2011-02-24 06:46:12','2011-02-24 06:46:12'),(57,'Changed number','matt@trabian.com',1,'Account',2,2011,'2011-02-24 06:55:25','2011-02-24 06:55:25');
/*!40000 ALTER TABLE `rails_admin_histories` ENABLE KEYS */;
UNLOCK TABLES;

--
-- Table structure for table `schema_migrations`
--

DROP TABLE IF EXISTS `schema_migrations`;
/*!40101 SET @saved_cs_client     = @@character_set_client */;
/*!40101 SET character_set_client = utf8 */;
CREATE TABLE `schema_migrations` (
  `version` varchar(255) COLLATE utf8_unicode_ci NOT NULL,
  PRIMARY KEY (`version`),
  UNIQUE KEY `unique_schema_migrations` (`version`)
) ENGINE=MyISAM DEFAULT CHARSET=utf8 COLLATE=utf8_unicode_ci ROW_FORMAT=DYNAMIC;
/*!40101 SET character_set_client = @saved_cs_client */;

--
-- Dumping data for table `schema_migrations`
--

LOCK TABLES `schema_migrations` WRITE;
/*!40000 ALTER TABLE `schema_migrations` DISABLE KEYS */;
INSERT INTO `schema_migrations` VALUES ('20101209043035'),('20101209054600'),('20101210205323'),('20101213040616'),('20101213054051'),('20110106045332'),('20110106050216'),('20110106051111'),('20110106051112'),('20110107041004'),('20110107041019'),('20110107041204'),('20110107044406'),('20110107051947'),('20110107060008'),('20110107062414'),('20110107065019'),('20110111155225'),('20110112042503'),('20110112055829'),('20110112134616'),('20110117154358'),('20110119055243'),('20110119061238'),('20110124061224'),('20110125152448'),('20110125153036'),('20110127165057'),('20110128044335'),('20110128075343'),('20110208152302'),('20110208162909'),('20110208203342'),('20110209043606'),('20110224042037'),('20110224043030'),('20110224045130'),('20110224053358'),('20110304043747'),('20110308224721'),('20110309140252');
/*!40000 ALTER TABLE `schema_migrations` ENABLE KEYS */;
UNLOCK TABLES;

--
-- Table structure for table `statements`
--

DROP TABLE IF EXISTS `statements`;
/*!40101 SET @saved_cs_client     = @@character_set_client */;
/*!40101 SET character_set_client = utf8 */;
CREATE TABLE `statements` (
  `id` int(11) NOT NULL AUTO_INCREMENT,
  `filename` varchar(255) DEFAULT NULL,
  `statement_date` date DEFAULT NULL,
  `subaccount_id` int(11) DEFAULT NULL,
  `created_at` datetime DEFAULT NULL,
  `updated_at` datetime DEFAULT NULL,
  PRIMARY KEY (`id`)
) ENGINE=InnoDB DEFAULT CHARSET=latin1;
/*!40101 SET character_set_client = @saved_cs_client */;

--
-- Dumping data for table `statements`
--

LOCK TABLES `statements` WRITE;
/*!40000 ALTER TABLE `statements` DISABLE KEYS */;
/*!40000 ALTER TABLE `statements` ENABLE KEYS */;
UNLOCK TABLES;

--
-- Table structure for table `subaccounts`
--

DROP TABLE IF EXISTS `subaccounts`;
/*!40101 SET @saved_cs_client     = @@character_set_client */;
/*!40101 SET character_set_client = utf8 */;
CREATE TABLE `subaccounts` (
  `id` int(11) NOT NULL AUTO_INCREMENT,
  `account_id` int(11) DEFAULT NULL,
  `name` varchar(255) DEFAULT NULL,
  `suffix` varchar(255) DEFAULT NULL,
  `account_type` varchar(255) DEFAULT NULL,
  `balance` float DEFAULT NULL,
  `available_balance` float DEFAULT NULL,
  `created_at` datetime DEFAULT NULL,
  `updated_at` datetime DEFAULT NULL,
  PRIMARY KEY (`id`)
) ENGINE=InnoDB AUTO_INCREMENT=6 DEFAULT CHARSET=latin1;
/*!40101 SET character_set_client = @saved_cs_client */;

--
-- Dumping data for table `subaccounts`
--

LOCK TABLES `subaccounts` WRITE;
/*!40000 ALTER TABLE `subaccounts` DISABLE KEYS */;
INSERT INTO `subaccounts` VALUES (1,1,'Rewards Checking','10','share',3456.78,3440.2,'2011-02-23 23:29:42','2011-02-23 23:29:45'),(2,1,'Share Savings','00','share',306.54,301.54,'2011-02-24 06:38:36','2011-02-24 06:38:36'),(4,1,'Used Auto','23','loan',4540.91,NULL,'2011-02-24 06:46:00','2011-02-24 06:46:00'),(5,1,'Moneyline','21','loan',3503.3,6498.7,'2011-02-24 06:52:32','2011-02-24 06:52:32');
/*!40000 ALTER TABLE `subaccounts` ENABLE KEYS */;
UNLOCK TABLES;

--
-- Table structure for table `tellers`
--

DROP TABLE IF EXISTS `tellers`;
/*!40101 SET @saved_cs_client     = @@character_set_client */;
/*!40101 SET character_set_client = utf8 */;
CREATE TABLE `tellers` (
  `id` int(11) NOT NULL AUTO_INCREMENT,
  `first_name` varchar(255) COLLATE utf8_unicode_ci DEFAULT NULL,
  `last_name` varchar(255) COLLATE utf8_unicode_ci DEFAULT NULL,
  `created_at` datetime DEFAULT NULL,
  `updated_at` datetime DEFAULT NULL,
  `avatar` varchar(255) COLLATE utf8_unicode_ci DEFAULT NULL,
  PRIMARY KEY (`id`)
) ENGINE=MyISAM AUTO_INCREMENT=4 DEFAULT CHARSET=utf8 COLLATE=utf8_unicode_ci ROW_FORMAT=DYNAMIC;
/*!40101 SET character_set_client = @saved_cs_client */;

--
-- Dumping data for table `tellers`
--

LOCK TABLES `tellers` WRITE;
/*!40000 ALTER TABLE `tellers` DISABLE KEYS */;
INSERT INTO `tellers` VALUES (1,'Matt','Fagala','2011-01-07 04:19:05','2011-01-24 07:36:44','/images/sample/tellers/matt_fagala.png?1'),(2,'Cam','Minges','2011-01-07 04:19:09','2011-02-08 21:50:13','/images/sample/tellers/matt_fagala.png?1'),(3,'Eric','Acree','2011-01-07 04:19:13','2011-02-08 21:50:05','/images/sample/tellers/matt_fagala.png?1');
/*!40000 ALTER TABLE `tellers` ENABLE KEYS */;
UNLOCK TABLES;

--
-- Table structure for table `users`
--

DROP TABLE IF EXISTS `users`;
/*!40101 SET @saved_cs_client     = @@character_set_client */;
/*!40101 SET character_set_client = utf8 */;
CREATE TABLE `users` (
  `id` int(11) NOT NULL AUTO_INCREMENT,
  `email` varchar(255) COLLATE utf8_unicode_ci NOT NULL,
  `encrypted_password` varchar(128) COLLATE utf8_unicode_ci NOT NULL,
  `password_salt` varchar(255) COLLATE utf8_unicode_ci NOT NULL,
  `reset_password_token` varchar(255) COLLATE utf8_unicode_ci DEFAULT NULL,
  `remember_token` varchar(255) COLLATE utf8_unicode_ci DEFAULT NULL,
  `remember_created_at` datetime DEFAULT NULL,
  `sign_in_count` int(11) DEFAULT '0',
  `current_sign_in_at` datetime DEFAULT NULL,
  `last_sign_in_at` datetime DEFAULT NULL,
  `current_sign_in_ip` varchar(255) COLLATE utf8_unicode_ci DEFAULT NULL,
  `last_sign_in_ip` varchar(255) COLLATE utf8_unicode_ci DEFAULT NULL,
  `created_at` datetime DEFAULT NULL,
  `updated_at` datetime DEFAULT NULL,
  `member_id` int(11) DEFAULT NULL,
  PRIMARY KEY (`id`),
  UNIQUE KEY `index_users_on_email` (`email`),
  UNIQUE KEY `index_users_on_reset_password_token` (`reset_password_token`)
) ENGINE=MyISAM AUTO_INCREMENT=234 DEFAULT CHARSET=utf8 COLLATE=utf8_unicode_ci ROW_FORMAT=DYNAMIC;
/*!40101 SET character_set_client = @saved_cs_client */;

--
-- Dumping data for table `users`
--

LOCK TABLES `users` WRITE;
/*!40000 ALTER TABLE `users` DISABLE KEYS */;
INSERT INTO `users` VALUES (1,'matt@trabian.com','$2a$10$9WcpAdonXDkUQGfSFVm6FuR8AfHJLZucrb0yCTduYQ4LFDTMjvpEy','$2a$10$9WcpAdonXDkUQGfSFVm6Fu',NULL,NULL,NULL,35,'2011-03-08 22:06:48','2011-03-08 20:10:32','127.0.0.1','127.0.0.1','2011-01-06 05:12:40','2011-03-08 22:06:48',1),(34,'willms.halie@morar.net','$2a$10$fuYzZQWqKc/oVhDsXCRL/evHE15igWZ5mWj2fpiDo3T2ngknxDQDe','$2a$10$fuYzZQWqKc/oVhDsXCRL/e',NULL,NULL,NULL,0,NULL,NULL,NULL,NULL,'2011-02-08 21:43:15','2011-02-08 21:43:15',71),(35,'effertz_william@kozeyframi.com','$2a$10$EE42Gfv6/T1cFw6sc30lauCSGPAs8POfof5CHC9icTC6B8f3JkCNG','$2a$10$EE42Gfv6/T1cFw6sc30lau',NULL,NULL,NULL,0,NULL,NULL,NULL,NULL,'2011-02-08 21:43:18','2011-02-08 21:43:18',72),(36,'nolan.modesta@miller.name','$2a$10$Ci.FW1Sj/Be1hF8YVGUOgud7hG/HuEczEfarw.0jBRFuNRzswdiwm','$2a$10$Ci.FW1Sj/Be1hF8YVGUOgu',NULL,NULL,NULL,0,NULL,NULL,NULL,NULL,'2011-02-08 21:43:21','2011-02-08 21:43:21',73),(37,'chris_price@kris.net','$2a$10$s9mgpz.gAwGJHyeRuuOG5e5fvnv3J09a7ST1oiTy85ZIsMO3lVpTS','$2a$10$s9mgpz.gAwGJHyeRuuOG5e',NULL,NULL,NULL,0,NULL,NULL,NULL,NULL,'2011-02-08 21:43:24','2011-02-08 21:43:24',74),(38,'mcdermott_nedra@walker.net','$2a$10$szik2NFxSZrL8wWaY.V3iuCr47STUFV7y3xskqBIiGafovy6qu7wG','$2a$10$szik2NFxSZrL8wWaY.V3iu',NULL,NULL,NULL,0,NULL,NULL,NULL,NULL,'2011-02-08 21:43:26','2011-02-08 21:43:26',75),(39,'kerluke.jayda@priceyost.name','$2a$10$oKnVQiIa99OeuIZaTDwv6uWHjL70uPkz5pzulxj3hKiAESO90c1XC','$2a$10$oKnVQiIa99OeuIZaTDwv6u',NULL,NULL,NULL,0,NULL,NULL,NULL,NULL,'2011-02-08 21:43:29','2011-02-08 21:43:29',76),(40,'arnulfo_sanford@greencarroll.info','$2a$10$K1pWyo5pdOPDQdALuRLjLehmY/PzT7MO7sv7GkcfZjJNN661sNcGS','$2a$10$K1pWyo5pdOPDQdALuRLjLe',NULL,NULL,NULL,0,NULL,NULL,NULL,NULL,'2011-02-08 21:43:32','2011-02-08 21:43:32',77),(41,'bergstrom_archibald@hayes.name','$2a$10$vaduA.7F0yxdGWZWoeOExOA9wfXSSC4Q903p89GVrm2IssegxcD5y','$2a$10$vaduA.7F0yxdGWZWoeOExO',NULL,NULL,NULL,0,NULL,NULL,NULL,NULL,'2011-02-08 21:43:35','2011-02-08 21:43:35',78),(42,'feest_maegan@oreilly.info','$2a$10$1r2nk0O3bdKaX5DvDS4Mx.5RkTX9nrEakGqj8Lz7FjTFmXYiBOTne','$2a$10$1r2nk0O3bdKaX5DvDS4Mx.',NULL,NULL,NULL,0,NULL,NULL,NULL,NULL,'2011-02-08 21:43:38','2011-02-08 21:43:38',79),(43,'breitenberg.clementine@crona.com','$2a$10$OePpXoKfAJdZDB1AkTnqvOp5tGsVdkFabXdhx6uJRYvwVhMuqElxe','$2a$10$OePpXoKfAJdZDB1AkTnqvO',NULL,NULL,NULL,0,NULL,NULL,NULL,NULL,'2011-02-08 21:43:41','2011-02-08 21:43:41',80),(44,'verlie_murray@sporer.name','$2a$10$VoqqiD6U5RpIhrte/EGozeS/oPvH9BaVKfFUDyX.rrNEzWEldVOJa','$2a$10$VoqqiD6U5RpIhrte/EGoze',NULL,NULL,NULL,0,NULL,NULL,NULL,NULL,'2011-02-08 21:43:44','2011-02-08 21:43:44',81),(45,'hane_cade@feeney.net','$2a$10$denYd1Hij/ujPXDG70R3mu3oiD9TPod54Vhym2qTz5yxbwZlRKYSG','$2a$10$denYd1Hij/ujPXDG70R3mu',NULL,NULL,NULL,0,NULL,NULL,NULL,NULL,'2011-02-08 21:43:46','2011-02-08 21:43:46',82),(46,'dallin_koepp@leannon.info','$2a$10$xovevV/TG/taF5DlcRTHGeNNERV8BSqCMHh4PtcXMesnslEnnPv/2','$2a$10$xovevV/TG/taF5DlcRTHGe',NULL,NULL,NULL,0,NULL,NULL,NULL,NULL,'2011-02-08 21:43:49','2011-02-08 21:43:49',83),(47,'harvey_laila@treutel.biz','$2a$10$ev9EQTkEOVnfZq22liQZTe6my2ZlRC7t.6CaXm/juMulunA1IGu2a','$2a$10$ev9EQTkEOVnfZq22liQZTe',NULL,NULL,NULL,0,NULL,NULL,NULL,NULL,'2011-02-08 21:43:52','2011-02-08 21:43:52',84),(48,'reina_upton@kiehnbrakus.org','$2a$10$f8rLfXML7jTKW.ylso1/leVOrZD.HoPHNF0VYRdnh83il243G12W.','$2a$10$f8rLfXML7jTKW.ylso1/le',NULL,NULL,NULL,0,NULL,NULL,NULL,NULL,'2011-02-08 21:43:56','2011-02-08 21:43:56',85),(49,'frank_leannon@bergnaum.name','$2a$10$GdixRTw73toomLtCiCGCROHZFN/hw0K1dWw3ACcBJQjOYPVgDNqdy','$2a$10$GdixRTw73toomLtCiCGCRO',NULL,NULL,NULL,0,NULL,NULL,NULL,NULL,'2011-02-08 21:43:59','2011-02-08 21:43:59',86),(50,'buddy_hickle@kerluke.org','$2a$10$OGoeNA7jc7u3B04D2CSuWOVXPUFKlX/Y7/4bxmqzJKfFacz1rZS3C','$2a$10$OGoeNA7jc7u3B04D2CSuWO',NULL,NULL,NULL,0,NULL,NULL,NULL,NULL,'2011-02-08 21:44:02','2011-02-08 21:44:02',87),(51,'loyal_willms@dooleyshields.biz','$2a$10$FJ9ph92Ad2tUwotiRYJAa.v8ICoamKnJdzPkRYcSG0JvOp1I3uzpK','$2a$10$FJ9ph92Ad2tUwotiRYJAa.',NULL,NULL,NULL,0,NULL,NULL,NULL,NULL,'2011-02-08 21:44:05','2011-02-08 21:44:05',88),(52,'merlin_strosin@grantbednar.biz','$2a$10$kRtzaX987HHUEfcwCvh45ObcYAJYi8madKddpNz7k1WgIsfHgfYEu','$2a$10$kRtzaX987HHUEfcwCvh45O',NULL,NULL,NULL,0,NULL,NULL,NULL,NULL,'2011-02-08 21:44:08','2011-02-08 21:44:08',89),(53,'hope_mante@boyle.info','$2a$10$9R38x5GuXc2doBMO/dEV3uKDTBU7JNvDfWIFvrFNfacUDUr3SCGz.','$2a$10$9R38x5GuXc2doBMO/dEV3u',NULL,NULL,NULL,0,NULL,NULL,NULL,NULL,'2011-02-08 21:44:12','2011-02-08 21:44:12',90),(54,'hermann_leanne@jewessmayert.info','$2a$10$o/zaPq23NvnD/Rt3SA5CWOHLsyMG2OMIqSLz7s.1iVR/pfM2T2n4O','$2a$10$o/zaPq23NvnD/Rt3SA5CWO',NULL,NULL,NULL,0,NULL,NULL,NULL,NULL,'2011-02-08 21:44:15','2011-02-08 21:44:15',91),(55,'bosco.constance@ritchie.com','$2a$10$Y.H.ZYONiD27YjB7nnXv8eZpnoPNzioyLW9utA3y0Jcbf7vXK1XIO','$2a$10$Y.H.ZYONiD27YjB7nnXv8e',NULL,NULL,NULL,0,NULL,NULL,NULL,NULL,'2011-02-08 21:44:18','2011-02-08 21:44:18',92),(56,'walker_martin@smith.info','$2a$10$KzeoTz1z9NHWljRR3tN.TegPAeCCeNbVD5DSuAE8JMCdtrxKrn3mK','$2a$10$KzeoTz1z9NHWljRR3tN.Te',NULL,NULL,NULL,0,NULL,NULL,NULL,NULL,'2011-02-08 21:44:22','2011-02-08 21:44:22',93),(57,'gregoria.schinner@smithamhoeger.name','$2a$10$b4hhEJKZdZBlxpyQppDuIOEfquIDHEQNJH.K9pwEFtYU8/nRa8/C6','$2a$10$b4hhEJKZdZBlxpyQppDuIO',NULL,NULL,NULL,0,NULL,NULL,NULL,NULL,'2011-02-08 21:44:25','2011-02-08 21:44:25',94),(58,'dominic.lemke@cassin.info','$2a$10$.sSKmZw.R2/vkZ24bO6ReuP7uY7x4san3TpxKvN2nCop7VEusM3hO','$2a$10$.sSKmZw.R2/vkZ24bO6Reu',NULL,NULL,NULL,0,NULL,NULL,NULL,NULL,'2011-02-08 21:44:28','2011-02-08 21:44:28',95),(59,'fabian_bernier@kiehnnolan.name','$2a$10$sB.xZ4CpfIrGZLQ1Xn5eIOvAXSiX.rIO3c4iV9n5JkR74fnaEPqlW','$2a$10$sB.xZ4CpfIrGZLQ1Xn5eIO',NULL,NULL,NULL,0,NULL,NULL,NULL,NULL,'2011-02-08 21:44:31','2011-02-08 21:44:31',96),(60,'ocie_baumbach@fadel.org','$2a$10$iwzkAaNEYwS10X8wSLXwfeMXanrka15VgeI8bSOaqOAzkFE0Plje6','$2a$10$iwzkAaNEYwS10X8wSLXwfe',NULL,NULL,NULL,0,NULL,NULL,NULL,NULL,'2011-02-08 21:44:34','2011-02-08 21:44:34',97),(61,'marlon.adams@moenboyle.org','$2a$10$ySXo1pgfiH.tI.9RtxWUU.8kI5/K3iH3nQuOOcD90.CeZOjc1YICa','$2a$10$ySXo1pgfiH.tI.9RtxWUU.',NULL,NULL,NULL,0,NULL,NULL,NULL,NULL,'2011-02-08 21:44:36','2011-02-08 21:44:36',98),(62,'dagmar_bogisich@schusterupton.name','$2a$10$EcUkCb3WzNlTiuGgpljzvONLh8Hk.hTdSq.godOuv.HbEQiqT/Oii','$2a$10$EcUkCb3WzNlTiuGgpljzvO',NULL,NULL,NULL,0,NULL,NULL,NULL,NULL,'2011-02-08 21:44:39','2011-02-08 21:44:39',99),(63,'ondricka_charles@parisian.biz','$2a$10$533g5djekFrM9wtClHX8nu8s9/dEYSrvEfgMlqYty76sU1whiDU.C','$2a$10$533g5djekFrM9wtClHX8nu',NULL,NULL,NULL,0,NULL,NULL,NULL,NULL,'2011-02-08 21:44:43','2011-02-08 21:44:43',100),(64,'gerlach.gavin@goyetterohan.net','$2a$10$NruqPYq/TYvHg0c8dTxBxut5YaAReTjdUgFCMuWV.uWJjD8fXd03y','$2a$10$NruqPYq/TYvHg0c8dTxBxu',NULL,NULL,NULL,0,NULL,NULL,NULL,NULL,'2011-02-08 21:44:45','2011-02-08 21:44:45',101),(65,'kuhn.della@heathcote.biz','$2a$10$ExNk70lNc9y6SaY8LHf2hOmBIpyEjVulH/sPjJWURn2tznNjhQUkO','$2a$10$ExNk70lNc9y6SaY8LHf2hO',NULL,NULL,NULL,0,NULL,NULL,NULL,NULL,'2011-02-08 21:44:48','2011-02-08 21:44:48',102),(66,'stephany_weimann@farrell.info','$2a$10$6vX3dWF0WmrZPHLJ6NTl.eWeztSlH/./l4gMu0752BeTofEgERwTa','$2a$10$6vX3dWF0WmrZPHLJ6NTl.e',NULL,NULL,NULL,0,NULL,NULL,NULL,NULL,'2011-02-08 21:44:51','2011-02-08 21:44:51',103),(67,'reichert.angelina@frami.name','$2a$10$gfkrnUI.bv6yiVR4pNDoXeggv3yNGR9k5h4vx0LxugOpWi6k0Rz6i','$2a$10$gfkrnUI.bv6yiVR4pNDoXe',NULL,NULL,NULL,0,NULL,NULL,NULL,NULL,'2011-02-08 21:44:54','2011-02-08 21:44:54',104),(68,'shawn.dare@turner.org','$2a$10$rubbBZmJRZ9aj5UQveBmfOXPlsNUKvvmwDa3VakmGlJD1Lfq7qMiG','$2a$10$rubbBZmJRZ9aj5UQveBmfO',NULL,NULL,NULL,0,NULL,NULL,NULL,NULL,'2011-02-08 21:44:57','2011-02-08 21:44:57',105),(69,'sven_schiller@romaguera.biz','$2a$10$T9.UfAHhSfIzKL4Xqj11MehKt97Lr6Ppm5mcdJZdWm4f47rkz7YGe','$2a$10$T9.UfAHhSfIzKL4Xqj11Me',NULL,NULL,NULL,0,NULL,NULL,NULL,NULL,'2011-02-08 21:45:01','2011-02-08 21:45:01',106),(70,'aufderhar_dariana@padbergschinner.com','$2a$10$3CoSThGyGNgHobvP2rrgnO9ExvmOSY.0EhV3hWG.IgwKqT1Whsb8O','$2a$10$3CoSThGyGNgHobvP2rrgnO',NULL,NULL,NULL,0,NULL,NULL,NULL,NULL,'2011-02-08 21:45:05','2011-02-08 21:45:05',107),(71,'amore_hellen_d@bashirianmorar.net','$2a$10$pSebVtxO9s0we02gTB3hpOOmDU9KUVZjGReq0V3pSPmfi/I0eqPvq','$2a$10$pSebVtxO9s0we02gTB3hpO',NULL,NULL,NULL,0,NULL,NULL,NULL,NULL,'2011-02-08 21:45:09','2011-02-08 21:45:09',108),(72,'dudley.robel@wolf.biz','$2a$10$88isDdTKwlszkqEh5vpQseGJXCLxP4KLTPBab4NDQShT7SwmcclkW','$2a$10$88isDdTKwlszkqEh5vpQse',NULL,NULL,NULL,0,NULL,NULL,NULL,NULL,'2011-02-08 21:45:12','2011-02-08 21:45:12',109),(73,'bode_casper@keeling.biz','$2a$10$koxjfVuDkgFPDWot9eKKnezzOsvXzdi7tZIP4icRCwbDI9zxwQ1.i','$2a$10$koxjfVuDkgFPDWot9eKKne',NULL,NULL,NULL,0,NULL,NULL,NULL,NULL,'2011-02-08 21:45:16','2011-02-08 21:45:16',110),(74,'kip.luettgen@harrisflatley.name','$2a$10$MWtuaEkiqcthYQg1nMBam.mkkppNv5Mk6rdgJEPmH7ZMG.1awdglS','$2a$10$MWtuaEkiqcthYQg1nMBam.',NULL,NULL,NULL,0,NULL,NULL,NULL,NULL,'2011-02-08 21:45:19','2011-02-08 21:45:19',111),(75,'loyce.daniel@simonis.net','$2a$10$SVLK5vMBNdg.h7u8zAvhLe7jfC9nbCyewH8481yTyHsTCOqsdYfvi','$2a$10$SVLK5vMBNdg.h7u8zAvhLe',NULL,NULL,NULL,0,NULL,NULL,NULL,NULL,'2011-02-08 21:45:22','2011-02-08 21:45:22',112),(76,'o_kon_destiney@treutel.info','$2a$10$UdDb5COYDIWmvn9xC94te.pPI60LfNzhh3M0z1kNot.I7.iXxMGLi','$2a$10$UdDb5COYDIWmvn9xC94te.',NULL,NULL,NULL,0,NULL,NULL,NULL,NULL,'2011-02-08 21:45:26','2011-02-08 21:45:26',113),(77,'esther.ratke@mosciski.info','$2a$10$yIiGODxoL0r4r6x04uyk5u0Al1soVoJUmKluNYLYZfpCA4dNar71a','$2a$10$yIiGODxoL0r4r6x04uyk5u',NULL,NULL,NULL,0,NULL,NULL,NULL,NULL,'2011-02-08 21:45:29','2011-02-08 21:45:29',114),(78,'block.cortney@botsford.org','$2a$10$nxha5G3G7WWPscO4jSOOCeEDVtOMRrur96YwenECmU6zoM9W9Lxuy','$2a$10$nxha5G3G7WWPscO4jSOOCe',NULL,NULL,NULL,0,NULL,NULL,NULL,NULL,'2011-02-08 21:45:32','2011-02-08 21:45:32',115),(79,'edd.daniel@dickinson.biz','$2a$10$bD3Aw22BFbtgdEhXnBOsbeBUVirxWe8oPE3WFhFB7Tf73DiES3Uy6','$2a$10$bD3Aw22BFbtgdEhXnBOsbe',NULL,NULL,NULL,0,NULL,NULL,NULL,NULL,'2011-02-08 21:45:35','2011-02-08 21:45:35',116),(80,'reilly_jade_o@howe.info','$2a$10$i3zf9mXukCIGJZLn9mYR9eCD3CCXmmmTLLsqaladsDydLyvz7ubSS','$2a$10$i3zf9mXukCIGJZLn9mYR9e',NULL,NULL,NULL,0,NULL,NULL,NULL,NULL,'2011-02-08 21:45:38','2011-02-08 21:45:38',117),(81,'haag.dasia@williamson.info','$2a$10$dWdpBDAokt61ynCimUoy6OyAc9/u2od7gniTV6Fzg100K8fHudiz.','$2a$10$dWdpBDAokt61ynCimUoy6O',NULL,NULL,NULL,0,NULL,NULL,NULL,NULL,'2011-02-08 21:45:41','2011-02-08 21:45:41',118),(82,'glover.lenny@orn.name','$2a$10$eMeisBBtydnDd2lBfpYh3.oL2tPOTMYeCZScATvfMMKsqw.claYpe','$2a$10$eMeisBBtydnDd2lBfpYh3.',NULL,NULL,NULL,0,NULL,NULL,NULL,NULL,'2011-02-08 21:45:44','2011-02-08 21:45:44',119),(83,'feeney.halie@murazik.name','$2a$10$Hh.PpR8vKR7G9976unDOh.VKuCZzNtilMJo/QI7CJ/gTF4j8FXn/y','$2a$10$Hh.PpR8vKR7G9976unDOh.',NULL,NULL,NULL,0,NULL,NULL,NULL,NULL,'2011-02-08 21:45:48','2011-02-08 21:45:48',120),(84,'hattie_farrell@stoltenbergerdman.info','$2a$10$eTnW1dlI7iizLM1zzgprr.ifZSV3I8lCUeS1/OiPBcNdyOGIMilsC','$2a$10$eTnW1dlI7iizLM1zzgprr.',NULL,NULL,NULL,0,NULL,NULL,NULL,NULL,'2011-02-08 21:45:50','2011-02-08 21:45:50',121),(85,'axel_white@smith.name','$2a$10$lKRsdVy/pMtrAyacatKTwun8ZaWxxcEfybo8MS2VAzWM.2sd86AS6','$2a$10$lKRsdVy/pMtrAyacatKTwu',NULL,NULL,NULL,0,NULL,NULL,NULL,NULL,'2011-02-08 21:45:53','2011-02-08 21:45:53',122),(86,'george_o_reilly@bergnaumskiles.net','$2a$10$vj2GQur6NfFEb47qeMKXbuLe16Gt9N4PDme87OZG2KOcvVVoSoRaS','$2a$10$vj2GQur6NfFEb47qeMKXbu',NULL,NULL,NULL,0,NULL,NULL,NULL,NULL,'2011-02-08 21:45:56','2011-02-08 21:45:56',123),(87,'ernser.kellen@fay.name','$2a$10$E5YULmVgr01aNimtIc8f5uG.vogyrSVpvB7DlXWli.wRvXavSwiva','$2a$10$E5YULmVgr01aNimtIc8f5u',NULL,NULL,NULL,0,NULL,NULL,NULL,NULL,'2011-02-08 21:46:00','2011-02-08 21:46:00',124),(88,'schmidt.axel@douglas.com','$2a$10$FKm3pecQxSmMAVPUepqI9ukvzeiIKWLTlIseqFK0gpmqxJ.0ODRrK','$2a$10$FKm3pecQxSmMAVPUepqI9u',NULL,NULL,NULL,0,NULL,NULL,NULL,NULL,'2011-02-08 21:46:03','2011-02-08 21:46:03',125),(89,'margot_smith@littel.info','$2a$10$OLgPajre6x5IQahcfbb9weis7/Kb/R/ZE7vwjfX1izApeHrnYIh5i','$2a$10$OLgPajre6x5IQahcfbb9we',NULL,NULL,NULL,0,NULL,NULL,NULL,NULL,'2011-02-08 21:46:05','2011-02-08 21:46:05',126),(90,'sam.walter@spencerlubowitz.net','$2a$10$ecmfyLqCgZOJKw04z0BlBu4otOaMdcH8egHT2WwVQ7OzSFVCEMuEG','$2a$10$ecmfyLqCgZOJKw04z0BlBu',NULL,NULL,NULL,0,NULL,NULL,NULL,NULL,'2011-02-08 21:46:09','2011-02-08 21:46:09',127),(91,'hartmann.phoebe@mitchell.org','$2a$10$i7NOadFLxWGaXJ8AfxYj8.w3dQHnw34617U64D.vkIDKndwdEzG3G','$2a$10$i7NOadFLxWGaXJ8AfxYj8.',NULL,NULL,NULL,0,NULL,NULL,NULL,NULL,'2011-02-08 21:46:13','2011-02-08 21:46:13',128),(92,'willms_micheal@macejkovic.com','$2a$10$Wx4GdzJR5xZcdGgfl4o4Z.zQu8VP8MQ2a/gBlxyx3mlqSowaWew52','$2a$10$Wx4GdzJR5xZcdGgfl4o4Z.',NULL,NULL,NULL,0,NULL,NULL,NULL,NULL,'2011-02-08 21:46:16','2011-02-08 21:46:16',129),(93,'wilderman_betty@adams.info','$2a$10$24b6KKwP4k00wTc1.9BRTOT/bEIJuh6uuGXGQ8KoYvrg4IcqQb7iC','$2a$10$24b6KKwP4k00wTc1.9BRTO',NULL,NULL,NULL,0,NULL,NULL,NULL,NULL,'2011-02-08 21:46:19','2011-02-08 21:46:19',130),(94,'paula_armstrong@mann.net','$2a$10$/9xFwVdteO0W6R3yDqdHPu2uokQgwpg46yvdKBFdcBfB8XikZyRWC','$2a$10$/9xFwVdteO0W6R3yDqdHPu',NULL,NULL,NULL,0,NULL,NULL,NULL,NULL,'2011-02-08 21:46:22','2011-02-08 21:46:22',131),(95,'helena.connell.o@robel.info','$2a$10$LQDq1nff0PmMnJKDxy51POhlOIacLzbdwSWstwyMIVaythwGO8ZwO','$2a$10$LQDq1nff0PmMnJKDxy51PO',NULL,NULL,NULL,0,NULL,NULL,NULL,NULL,'2011-02-08 21:46:25','2011-02-08 21:46:25',132),(96,'wayne_ebert@skilesheidenreich.org','$2a$10$tYUyS3KlBw9F1eyVGhiApuu1V8TinOkqfIHC52W2fCnmtq4Jv2ucC','$2a$10$tYUyS3KlBw9F1eyVGhiApu',NULL,NULL,NULL,0,NULL,NULL,NULL,NULL,'2011-02-08 21:46:28','2011-02-08 21:46:28',133),(97,'travon.tromp@mills.biz','$2a$10$fZkcj45s6ESZOX1ueRkoQeahgWIpC0yBtHtU4IK7mL5z6FQnsBn.S','$2a$10$fZkcj45s6ESZOX1ueRkoQe',NULL,NULL,NULL,0,NULL,NULL,NULL,NULL,'2011-02-08 21:46:31','2011-02-08 21:46:31',134),(98,'rodrick.gibson@ernser.org','$2a$10$BujJXDax7ODZe47yhNhk2.DpvuCLwmvo0LgdGhFv4bnV8CsmMYyAC','$2a$10$BujJXDax7ODZe47yhNhk2.',NULL,NULL,NULL,0,NULL,NULL,NULL,NULL,'2011-02-08 21:46:33','2011-02-08 21:46:33',135),(99,'botsford.jacky@howell.com','$2a$10$2fXo/Z91b/.XmIVRdC3W4e8PH3UP3zhb9HcNLQTVtJhqZP1sAygXi','$2a$10$2fXo/Z91b/.XmIVRdC3W4e',NULL,NULL,NULL,0,NULL,NULL,NULL,NULL,'2011-02-08 21:46:37','2011-02-08 21:46:37',136),(100,'dietrich_mavis@bode.com','$2a$10$at.L3Mc6ct6MNI0jdmpN7.Kt3KRXxeiuvWIciThcRlaNc0CmLAVL.','$2a$10$at.L3Mc6ct6MNI0jdmpN7.',NULL,NULL,NULL,0,NULL,NULL,NULL,NULL,'2011-02-08 21:46:39','2011-02-08 21:46:39',137),(101,'renner_carlos@keeling.name','$2a$10$ZXOvWTIt88Dlzo5XPP2.LubT15liIujtok36obUTUv2FhDtRYHIJu','$2a$10$ZXOvWTIt88Dlzo5XPP2.Lu',NULL,NULL,NULL,0,NULL,NULL,NULL,NULL,'2011-02-08 21:46:42','2011-02-08 21:46:42',138),(102,'deckow.destiney@howe.biz','$2a$10$2lewbd0F2MFgsu2be3vb1OMVt5i/JuU91.LFNT9/DxMczyefDIx5O','$2a$10$2lewbd0F2MFgsu2be3vb1O',NULL,NULL,NULL,0,NULL,NULL,NULL,NULL,'2011-02-08 21:46:45','2011-02-08 21:46:45',139),(103,'presley_kuhn@hoeger.net','$2a$10$dgABqLiqMv1jJqTOfsfR0uhE7NGU5G1t.8Hu.BVzobPtuD3PTHJDC','$2a$10$dgABqLiqMv1jJqTOfsfR0u',NULL,NULL,NULL,0,NULL,NULL,NULL,NULL,'2011-02-08 21:46:48','2011-02-08 21:46:48',140),(104,'frank.wilkinson@berge.name','$2a$10$hVfpzIdKqR33LUD4FPqZX.axej9.1U3rkf8ZlV5q1twiPH/3yOG6q','$2a$10$hVfpzIdKqR33LUD4FPqZX.',NULL,NULL,NULL,0,NULL,NULL,NULL,NULL,'2011-02-08 21:46:51','2011-02-08 21:46:51',141),(105,'lenna_grant@koch.net','$2a$10$r9Eo6Qb/oAcOhDJ72e4nHeGegPvCjtlYM0co2DNICOVRHoMtp8WHy','$2a$10$r9Eo6Qb/oAcOhDJ72e4nHe',NULL,NULL,NULL,0,NULL,NULL,NULL,NULL,'2011-02-08 21:46:54','2011-02-08 21:46:54',142),(106,'marcos_fisher@beahan.name','$2a$10$O2tZNC.uxF6EIqfou9OARuz819Qsy7zHnzlFdVctIHRnJ5YFeR/D6','$2a$10$O2tZNC.uxF6EIqfou9OARu',NULL,NULL,NULL,0,NULL,NULL,NULL,NULL,'2011-02-08 21:46:57','2011-02-08 21:46:57',143),(107,'hettinger_morgan@cormierlockman.com','$2a$10$W5geQNyvefgpeTeHlc4KKedVc0oyXQEc34UspuQLc4A6YPggu7uqe','$2a$10$W5geQNyvefgpeTeHlc4KKe',NULL,NULL,NULL,0,NULL,NULL,NULL,NULL,'2011-02-08 21:47:00','2011-02-08 21:47:00',144),(108,'judd.daugherty@volkman.net','$2a$10$PVOFQ8Sc88ZVcz8wUTBqTu5vJA2xWtDH9/fIZLDoGdUq.V5Eiwlo.','$2a$10$PVOFQ8Sc88ZVcz8wUTBqTu',NULL,NULL,NULL,0,NULL,NULL,NULL,NULL,'2011-02-08 21:47:04','2011-02-08 21:47:04',145),(109,'tremblay_roberto@schoen.net','$2a$10$KlNL5yYB2jxFj/FLAGv8/uUBtm9.AuePCRGxbQdbrcRAmaKA4/1ga','$2a$10$KlNL5yYB2jxFj/FLAGv8/u',NULL,NULL,NULL,0,NULL,NULL,NULL,NULL,'2011-02-08 21:47:06','2011-02-08 21:47:06',146),(110,'willms.cielo@wilkinsonhamill.info','$2a$10$T38OqfTHA7IOIs107LLJLOVRaAm6nqplDVXz.DTMRBWltujVBykSq','$2a$10$T38OqfTHA7IOIs107LLJLO',NULL,NULL,NULL,0,NULL,NULL,NULL,NULL,'2011-02-08 21:47:09','2011-02-08 21:47:09',147),(111,'macejkovic_lupe@legros.biz','$2a$10$7IhrFRUphKLx5TwAeS7lWuGhZ1G4jd0VbaiA5W5PgtT7EGwlfeJ1e','$2a$10$7IhrFRUphKLx5TwAeS7lWu',NULL,NULL,NULL,0,NULL,NULL,NULL,NULL,'2011-02-08 21:47:12','2011-02-08 21:47:12',148),(112,'gerhard_cormier@stammfadel.com','$2a$10$UOXZFoUOW3LTfLyFhbU3.eu5qURxDbh7LlwXtfJe/yT.TnXZbaGRK','$2a$10$UOXZFoUOW3LTfLyFhbU3.e',NULL,NULL,NULL,0,NULL,NULL,NULL,NULL,'2011-02-08 21:47:15','2011-02-08 21:47:15',149),(113,'ondricka_berta@wisokyturcotte.com','$2a$10$7Hyive5O15C2rN53ICB.m.FZ/0spYh9x1DzsXH8v2iDrzSRLpmBom','$2a$10$7Hyive5O15C2rN53ICB.m.',NULL,NULL,NULL,0,NULL,NULL,NULL,NULL,'2011-02-08 21:47:18','2011-02-08 21:47:18',150),(114,'hettinger_ethan@daniel.net','$2a$10$.IRlpQ.R10mePgseJeAbC.91l8ewgDOedA/WKMa92YbU3lTQF8hiG','$2a$10$.IRlpQ.R10mePgseJeAbC.',NULL,NULL,NULL,0,NULL,NULL,NULL,NULL,'2011-02-08 21:47:21','2011-02-08 21:47:21',151),(115,'bud.terry@stiedemann.info','$2a$10$h6lpTY9ElccH0r5rKooauu5IOmfJ2RVElgeuEECYI0SFGlbR0PN7q','$2a$10$h6lpTY9ElccH0r5rKooauu',NULL,NULL,NULL,0,NULL,NULL,NULL,NULL,'2011-02-08 21:47:23','2011-02-08 21:47:23',152),(116,'floyd.corkery@thompsontrantow.name','$2a$10$Zz3Wm25w617cGUckb5FKTOFreL9cwC8Tsw3YAQDqgvt/3yxyiREkW','$2a$10$Zz3Wm25w617cGUckb5FKTO',NULL,NULL,NULL,0,NULL,NULL,NULL,NULL,'2011-02-08 21:47:26','2011-02-08 21:47:26',153),(117,'candelario_hudson@handheller.com','$2a$10$bL39NdCLiGc.k1YyWnsKou0pxY6fK3.0WyZDWG4fw/1.DYD6GbpeO','$2a$10$bL39NdCLiGc.k1YyWnsKou',NULL,NULL,NULL,0,NULL,NULL,NULL,NULL,'2011-02-08 21:47:28','2011-02-08 21:47:28',154),(118,'rosenbaum_tia@willms.info','$2a$10$kvncEAdBzcnei6nogEeoiua7bhX/3YgCCEfrc/W3lGDhnq0fSyo.a','$2a$10$kvncEAdBzcnei6nogEeoiu',NULL,NULL,NULL,0,NULL,NULL,NULL,NULL,'2011-02-08 21:47:31','2011-02-08 21:47:31',155),(119,'nick.wisozk@denesik.com','$2a$10$VB8u7JTr9cV5mG6mkcn/2uhxJPR/t7lwEuYhjoIxk0vrwSlO5ebu2','$2a$10$VB8u7JTr9cV5mG6mkcn/2u',NULL,NULL,NULL,0,NULL,NULL,NULL,NULL,'2011-02-08 21:47:34','2011-02-08 21:47:34',156),(120,'tavares.cassin@leuschke.net','$2a$10$iI2SebDxWYC/L4x.yMvAXOAQAqmXk0Z4jS2WUE8z8nRwcJEIC5ZJS','$2a$10$iI2SebDxWYC/L4x.yMvAXO',NULL,NULL,NULL,0,NULL,NULL,NULL,NULL,'2011-02-08 21:47:37','2011-02-08 21:47:37',157),(121,'breitenberg_art@nitzscheohara.biz','$2a$10$D46gi0KpMdGA7uWhK1dzb.hJsr7QhbNeis4HFgkKG7sAZuOux.wfy','$2a$10$D46gi0KpMdGA7uWhK1dzb.',NULL,NULL,NULL,0,NULL,NULL,NULL,NULL,'2011-02-08 21:47:40','2011-02-08 21:47:40',158),(122,'hagenes_violette@morarbalistreri.info','$2a$10$Mhq1GAfh757OmkVLacyggeaa4ZyCa6wUZeOVn22tpQq2YYNrgGriS','$2a$10$Mhq1GAfh757OmkVLacygge',NULL,NULL,NULL,0,NULL,NULL,NULL,NULL,'2011-02-08 21:47:43','2011-02-08 21:47:43',159),(123,'brant_koch@padberg.biz','$2a$10$bwb2W8AiVKk51zKgpK1vF.PhRmC5.dRLt8ZEA7eJoJiocUIQMsyPC','$2a$10$bwb2W8AiVKk51zKgpK1vF.',NULL,NULL,NULL,0,NULL,NULL,NULL,NULL,'2011-02-08 21:47:46','2011-02-08 21:47:46',160),(124,'ericka_d_amore@hickle.com','$2a$10$0qt8E5EyTkGdRuPjA2FgheWo.Vz2GCsWGZF2ZoARE9LMs0Vz3eq7a','$2a$10$0qt8E5EyTkGdRuPjA2Fghe',NULL,NULL,NULL,0,NULL,NULL,NULL,NULL,'2011-02-08 21:47:49','2011-02-08 21:47:49',161),(125,'dariana_bogan@leannon.info','$2a$10$lg6bLYoS4yuVGggwPVTM9udKzW.lx8vOWZF1HNV8tNg8sPi/Gbe8C','$2a$10$lg6bLYoS4yuVGggwPVTM9u',NULL,NULL,NULL,0,NULL,NULL,NULL,NULL,'2011-02-08 21:47:53','2011-02-08 21:47:53',162),(126,'zakary_denesik@spinka.info','$2a$10$lL2Lxe6egJl7s3.wIsyro.BK4/YqJfnmjSwmH9ZO56HUFkjaEiFTK','$2a$10$lL2Lxe6egJl7s3.wIsyro.',NULL,NULL,NULL,0,NULL,NULL,NULL,NULL,'2011-02-08 21:47:56','2011-02-08 21:47:56',163),(127,'kirlin.alvis@mcdermott.info','$2a$10$yZ4MVJyLqZgnFL0yPN7t.uKiJaJkZOV/sWtFcYHbuE.EexJWVsw6y','$2a$10$yZ4MVJyLqZgnFL0yPN7t.u',NULL,NULL,NULL,0,NULL,NULL,NULL,NULL,'2011-02-08 21:47:59','2011-02-08 21:47:59',164),(128,'klocko.palma@grahamcruickshank.biz','$2a$10$91kgh4gGvz1b9zaMapiVmuizAkborYdKLt8OSCUIQfmEuN3zR4bj.','$2a$10$91kgh4gGvz1b9zaMapiVmu',NULL,NULL,NULL,0,NULL,NULL,NULL,NULL,'2011-02-08 21:48:02','2011-02-08 21:48:02',165),(129,'rebeka_lynch@yost.net','$2a$10$d1Aer9/TlGhvTKMd8bBIyOq/SEyKsJ0o9QZWMFz2pGjjgxZvwfvBW','$2a$10$d1Aer9/TlGhvTKMd8bBIyO',NULL,NULL,NULL,0,NULL,NULL,NULL,NULL,'2011-02-08 21:48:05','2011-02-08 21:48:05',166),(130,'brice.kemmer@stantonbrakus.info','$2a$10$X0z4TN553SSTaFyjyWKB.Oq2SXaVTAj7NTsx4KZ8cIYULLDMd7b5m','$2a$10$X0z4TN553SSTaFyjyWKB.O',NULL,NULL,NULL,0,NULL,NULL,NULL,NULL,'2011-02-08 21:48:08','2011-02-08 21:48:08',167),(131,'hugh.wiegand@swiftrodriguez.org','$2a$10$YQC.duSc1oc2H.dE1zIPyeq8SLSnQvGniwJdVIn/Eu.3k4xTawWG2','$2a$10$YQC.duSc1oc2H.dE1zIPye',NULL,NULL,NULL,0,NULL,NULL,NULL,NULL,'2011-02-08 21:48:10','2011-02-08 21:48:10',168),(132,'wisoky.willis@mantedare.com','$2a$10$qEvyjwKtbyAiXNoYZgOFCOtQSh292.j.5I4uFsF22R.6WPWZfjrcq','$2a$10$qEvyjwKtbyAiXNoYZgOFCO',NULL,NULL,NULL,0,NULL,NULL,NULL,NULL,'2011-02-08 21:48:13','2011-02-08 21:48:13',169),(133,'jacobs.will@koelpinlehner.biz','$2a$10$lMFfu86bF4pGtoo8gdCwJekQUyXdjm/ORzPwNRoNd/CetJWGiHYKW','$2a$10$lMFfu86bF4pGtoo8gdCwJe',NULL,NULL,NULL,0,NULL,NULL,NULL,NULL,'2011-02-08 21:48:16','2011-02-08 21:48:16',170),(134,'savanna.haley@orn.biz','$2a$10$ENjncd6fHnWeHmqPHlegquarjmqBBPeXNvPey8H4Eh5QZfEKLFL5C','$2a$10$ENjncd6fHnWeHmqPHlegqu',NULL,NULL,NULL,0,NULL,NULL,NULL,NULL,'2011-02-08 21:48:18','2011-02-08 21:48:18',171),(135,'nikolaus_emelie@hickle.info','$2a$10$ALMQbTwYsTDT0XHH7yF.5uc0kbI8QTJKMLRppQ07SXLF8aLCCVmQ.','$2a$10$ALMQbTwYsTDT0XHH7yF.5u',NULL,NULL,NULL,0,NULL,NULL,NULL,NULL,'2011-02-08 21:48:21','2011-02-08 21:48:21',172),(136,'price.earlene@wunsch.org','$2a$10$KC5ChCPk.TApb0QFGsIxYe6SrxX1au8H.OnbbCLgyTo9eu6Ykpp9a','$2a$10$KC5ChCPk.TApb0QFGsIxYe',NULL,NULL,NULL,0,NULL,NULL,NULL,NULL,'2011-02-08 21:48:24','2011-02-08 21:48:24',173),(137,'rippin_lazaro@kohleryundt.net','$2a$10$v6m4WDloSLHj9OzqCzM5Bukpcra96rVA.Kjxhxukj5208onV.RlsG','$2a$10$v6m4WDloSLHj9OzqCzM5Bu',NULL,NULL,NULL,0,NULL,NULL,NULL,NULL,'2011-02-08 21:48:26','2011-02-08 21:48:26',174),(138,'alysha_schoen@anderson.biz','$2a$10$pSl1UJuFiufOKRBF.iZcUeJsvUgNW7Walbv4K.Wt417PV3mNNA6v6','$2a$10$pSl1UJuFiufOKRBF.iZcUe',NULL,NULL,NULL,0,NULL,NULL,NULL,NULL,'2011-02-08 21:48:29','2011-02-08 21:48:29',175),(139,'aleen_ritchie@lowe.net','$2a$10$msDq1xXfxVsGMbMTMHXdMuG2flODOt7UZMHbmNEw0vikrvhuexYBO','$2a$10$msDq1xXfxVsGMbMTMHXdMu',NULL,NULL,NULL,0,NULL,NULL,NULL,NULL,'2011-02-08 21:48:31','2011-02-08 21:48:31',176),(140,'winfield.runolfsson@halvorson.net','$2a$10$VWCmOtITLXaPtO4bPaIBQO8uEA2Ni2iKW7pFgIQr433u0/caamw5u','$2a$10$VWCmOtITLXaPtO4bPaIBQO',NULL,NULL,NULL,0,NULL,NULL,NULL,NULL,'2011-02-08 21:48:34','2011-02-08 21:48:34',177),(141,'weber_heloise@boyleruecker.biz','$2a$10$uBzbPHDcoO4koR7cTKPyOO/EIzr.5zBPFTeQk0lJpn8vq7fyOOdIG','$2a$10$uBzbPHDcoO4koR7cTKPyOO',NULL,NULL,NULL,0,NULL,NULL,NULL,NULL,'2011-02-08 21:48:37','2011-02-08 21:48:37',178),(142,'ben.bruen@dare.biz','$2a$10$7RWMYx8I8M83NuMNWz32e.EEPOuVEOjPv7Io/6pF5BGg1tWJ7rkzK','$2a$10$7RWMYx8I8M83NuMNWz32e.',NULL,NULL,NULL,0,NULL,NULL,NULL,NULL,'2011-02-08 21:48:39','2011-02-08 21:48:39',179),(143,'grant_garret@okuneva.com','$2a$10$nd1.w/AJao6NYFFRmXdJsuQR61V/T1oRfgQv/rgtAFpTZolzDBgCi','$2a$10$nd1.w/AJao6NYFFRmXdJsu',NULL,NULL,NULL,0,NULL,NULL,NULL,NULL,'2011-02-08 21:48:42','2011-02-08 21:48:42',180),(144,'ondricka_jefferey@stracke.name','$2a$10$ih6T6g.e.9ahto9Gq3frye2vTBnW8z7uHG3GBtZNc9pv7x4gguUcO','$2a$10$ih6T6g.e.9ahto9Gq3frye',NULL,NULL,NULL,0,NULL,NULL,NULL,NULL,'2011-02-08 21:48:45','2011-02-08 21:48:45',181),(145,'veum_lizzie@paucekbartell.com','$2a$10$uTgFf55Vq/mPkMp2thnAVOOgE4R6cWdBYc5mTPDahZKJTeb44CAdq','$2a$10$uTgFf55Vq/mPkMp2thnAVO',NULL,NULL,NULL,0,NULL,NULL,NULL,NULL,'2011-02-08 21:48:47','2011-02-08 21:48:47',182),(146,'lang.judy@vandervort.com','$2a$10$ojOVNnlkpWBjGjqs5oytIev08QPHOqcZrS.Liz4sN0/0jqt77msVy','$2a$10$ojOVNnlkpWBjGjqs5oytIe',NULL,NULL,NULL,0,NULL,NULL,NULL,NULL,'2011-02-08 21:48:50','2011-02-08 21:48:50',183),(147,'douglas.tierra@cremin.net','$2a$10$KH/.mthRW9pZqFpn.BwUZ.IWaazF4OXvGG/e3iJHfc/E824TIqzG2','$2a$10$KH/.mthRW9pZqFpn.BwUZ.',NULL,NULL,NULL,0,NULL,NULL,NULL,NULL,'2011-02-08 21:48:53','2011-02-08 21:48:53',184),(148,'satterfield_shyanne@schoen.biz','$2a$10$hD/vCm32trzE71ks1pjapu/sWntwAP3/lxcL4Rg6loEHTvAFYFPYa','$2a$10$hD/vCm32trzE71ks1pjapu',NULL,NULL,NULL,0,NULL,NULL,NULL,NULL,'2011-02-08 21:48:56','2011-02-08 21:48:56',185),(149,'prohaska_kailey@schamberger.org','$2a$10$WH10li3CiGdnNHd3Xae7ROQEmmxYADlIYI/AAWRXoPC3e9ZeklFcW','$2a$10$WH10li3CiGdnNHd3Xae7RO',NULL,NULL,NULL,0,NULL,NULL,NULL,NULL,'2011-02-08 21:48:59','2011-02-08 21:48:59',186),(150,'schaefer.estelle@hermanswaniawski.info','$2a$10$QzrpLIveuMj.e1ci4wVlK.wTwF7bfhipumeIZ0CSYPYKJsAvpGqU6','$2a$10$QzrpLIveuMj.e1ci4wVlK.',NULL,NULL,NULL,0,NULL,NULL,NULL,NULL,'2011-02-08 21:49:01','2011-02-08 21:49:01',187),(151,'labadie.ruth@wisokyrodriguez.com','$2a$10$lR5OMhS7rOVcPIMKAPdt7OQumFXCMYeacY3rPPd9ch22EhWAsZR4.','$2a$10$lR5OMhS7rOVcPIMKAPdt7O',NULL,NULL,NULL,0,NULL,NULL,NULL,NULL,'2011-02-08 21:49:04','2011-02-08 21:49:04',188),(152,'tristin_doyle@bernier.name','$2a$10$OxHEW8F.J4zRTW3AqoeOm.IBCQEAAVeuaxY2mcY/5XNc3OnrgLV7q','$2a$10$OxHEW8F.J4zRTW3AqoeOm.',NULL,NULL,NULL,0,NULL,NULL,NULL,NULL,'2011-02-08 21:49:07','2011-02-08 21:49:07',189),(153,'wunsch.melvina@lindwilkinson.name','$2a$10$tVRgjQH/GN5jye9pBD5rN.tudkPqDNwLP0aJIOlCOdOCm11cQd0Ci','$2a$10$tVRgjQH/GN5jye9pBD5rN.',NULL,NULL,NULL,0,NULL,NULL,NULL,NULL,'2011-02-08 21:49:10','2011-02-08 21:49:10',190),(154,'fahey_justina@green.info','$2a$10$93pnStQxeQjW8LlZ0hfvm.ZX/Dj.va/XNkFez6LbkiDdmw2tXq/ia','$2a$10$93pnStQxeQjW8LlZ0hfvm.',NULL,NULL,NULL,0,NULL,NULL,NULL,NULL,'2011-02-08 21:49:13','2011-02-08 21:49:13',191),(155,'keegan.jast@larsonmaggio.com','$2a$10$/y2v9QenweNVx4IMS6TF6.wwtNKsSgYy18TRcKmMpcSvtEZsKbdDy','$2a$10$/y2v9QenweNVx4IMS6TF6.',NULL,NULL,NULL,0,NULL,NULL,NULL,NULL,'2011-02-08 21:49:17','2011-02-08 21:49:17',192),(156,'lemke.lisandro@zemlak.info','$2a$10$wWGjDjSA/reC0jLqkEhJH.CxXC1RvoNsVdVkYZYE019vJloTlpxNG','$2a$10$wWGjDjSA/reC0jLqkEhJH.',NULL,NULL,NULL,0,NULL,NULL,NULL,NULL,'2011-02-08 21:49:21','2011-02-08 21:49:21',193),(157,'cecile.runte@croninkeebler.biz','$2a$10$E1l0U8B3XkHo80YANXI94.oO2sGWhLrN7lseFErLFWHyHwxOjVfAG','$2a$10$E1l0U8B3XkHo80YANXI94.',NULL,NULL,NULL,0,NULL,NULL,NULL,NULL,'2011-02-08 21:49:25','2011-02-08 21:49:25',194),(158,'mckayla_witting@wunsch.org','$2a$10$cix2BQY/IIEzcLrLSaB2cuHMY46cOP9JnZVpgzSY61TWSrzO6t3d6','$2a$10$cix2BQY/IIEzcLrLSaB2cu',NULL,NULL,NULL,0,NULL,NULL,NULL,NULL,'2011-02-08 21:49:28','2011-02-08 21:49:28',195),(159,'duncan_ritchie@friesen.biz','$2a$10$fKVKcBM09gIoFkbAwasqNu0RbbsXebRwVplmmoEDd5WfPoASoDpAS','$2a$10$fKVKcBM09gIoFkbAwasqNu',NULL,NULL,NULL,0,NULL,NULL,NULL,NULL,'2011-02-08 21:49:30','2011-02-08 21:49:30',196),(160,'volkman_maia@rau.biz','$2a$10$kjrFDstvN8TOWEil8ZmqpONxDiF73OicIg.n/Da6LhPRFJbiUDt8a','$2a$10$kjrFDstvN8TOWEil8ZmqpO',NULL,NULL,NULL,0,NULL,NULL,NULL,NULL,'2011-02-08 21:49:33','2011-02-08 21:49:33',197),(161,'halvorson_rowena@bernierconroy.com','$2a$10$hAA1OLvDA0leKmQJYhzriuN1TYKeoeYI7No8UMfgsRpgmbEWweW0m','$2a$10$hAA1OLvDA0leKmQJYhzriu',NULL,NULL,NULL,0,NULL,NULL,NULL,NULL,'2011-02-08 21:49:36','2011-02-08 21:49:36',198),(162,'krajcik.lucius@haag.biz','$2a$10$OfVXSdWsg7gBHFdRZrhnluPlGDasqb4OqWOw2tLqPtEKX4J6TYMgy','$2a$10$OfVXSdWsg7gBHFdRZrhnlu',NULL,NULL,NULL,0,NULL,NULL,NULL,NULL,'2011-02-08 21:49:41','2011-02-08 21:49:41',199),(163,'ortiz.timmy@casper.net','$2a$10$zVMGDzOj6.k25b1.2HG45ePxZ4VGdTFsuKj4BMQJjn9ay6wX2wV8S','$2a$10$zVMGDzOj6.k25b1.2HG45e',NULL,NULL,NULL,0,NULL,NULL,NULL,NULL,'2011-02-08 21:49:47','2011-02-08 21:49:47',200),(164,'mathias_brakus@mcdermott.org','$2a$10$s/2TNXe6njT4QDldxH3J2OITNU5DRv9LBxs282Q6qa6neNpmmMwDC','$2a$10$s/2TNXe6njT4QDldxH3J2O',NULL,NULL,NULL,0,NULL,NULL,NULL,NULL,'2011-02-08 21:49:52','2011-02-08 21:49:52',201),(165,'rahul_schaden@bernier.name','$2a$10$Sk8k9IEUhZZPuLh5amZdWOl25vQ8Wst8bjNg5byeBQrHEljgtcZ06','$2a$10$Sk8k9IEUhZZPuLh5amZdWO',NULL,NULL,NULL,0,NULL,NULL,NULL,NULL,'2011-02-08 21:49:55','2011-02-08 21:49:55',202),(166,'lester.medhurst@rutherford.net','$2a$10$2N5qmWFkEIoMgJ2LGCuOJu5zBmi/DiTLxcOx2BrzfVOvR6SRzsH5q','$2a$10$2N5qmWFkEIoMgJ2LGCuOJu',NULL,NULL,NULL,0,NULL,NULL,NULL,NULL,'2011-02-08 21:49:59','2011-02-08 21:49:59',203),(167,'fahey.seth@carrollabernathy.info','$2a$10$fcyTJwGucxlPiwj2qViteuf2PrsnlLRuj9iD3sQ.Ys/bMKzpNN62S','$2a$10$fcyTJwGucxlPiwj2qViteu',NULL,NULL,NULL,0,NULL,NULL,NULL,NULL,'2011-02-08 21:50:03','2011-02-08 21:50:03',204),(168,'abagail_goldner@carroll.name','$2a$10$iwbIgqk5TqMmCHdeMSbxnOqkDLK4VTF66XSL1xpAAZgvAJAJpOr8e','$2a$10$iwbIgqk5TqMmCHdeMSbxnO',NULL,NULL,NULL,0,NULL,NULL,NULL,NULL,'2011-02-08 21:50:06','2011-02-08 21:50:06',205),(169,'berge.frieda@armstrong.com','$2a$10$g.7rDzvnnUZ39ndR.463pOwVKNmM/WBq0Ec2/qHVt6gCaYcz5nB9a','$2a$10$g.7rDzvnnUZ39ndR.463pO',NULL,NULL,NULL,0,NULL,NULL,NULL,NULL,'2011-02-08 21:50:09','2011-02-08 21:50:09',206),(170,'dora_kutch@hauck.org','$2a$10$eeSKfzAWDoc1fRgssBdlGuONolqUByOyf7bJlAHif0807waGLg8DW','$2a$10$eeSKfzAWDoc1fRgssBdlGu',NULL,NULL,NULL,0,NULL,NULL,NULL,NULL,'2011-02-08 21:50:13','2011-02-08 21:50:13',207),(171,'tyrique_wunsch@durgan.net','$2a$10$4NQ5yXnVnqlpa1l9HexHmeQawwhB1gA3RQlSMKasQw1ELtb/vSzvu','$2a$10$4NQ5yXnVnqlpa1l9HexHme',NULL,NULL,NULL,0,NULL,NULL,NULL,NULL,'2011-02-08 21:50:17','2011-02-08 21:50:17',208),(172,'laverna.goldner@balistreri.net','$2a$10$gUHJhGFp8Fm82tEZtLWuH.3NqLSBeaIMn5tWoQfDdXvSKtGO1hOE6','$2a$10$gUHJhGFp8Fm82tEZtLWuH.',NULL,NULL,NULL,0,NULL,NULL,NULL,NULL,'2011-02-08 21:50:22','2011-02-08 21:50:22',209),(173,'jaron_dietrich@prosacco.biz','$2a$10$gy9KvKaQhTVYW1P/fepLP.Oy3KoPymmvlvlzHk.Qpe1smrNZ/zYIG','$2a$10$gy9KvKaQhTVYW1P/fepLP.',NULL,NULL,NULL,0,NULL,NULL,NULL,NULL,'2011-02-08 21:50:25','2011-02-08 21:50:25',210),(174,'bashirian_aryanna@boyer.net','$2a$10$dvWsm2i73fEd0p4cEQ32V.L7wDZqPRahcU.fFbOPmMlPjMKdK5EdC','$2a$10$dvWsm2i73fEd0p4cEQ32V.',NULL,NULL,NULL,0,NULL,NULL,NULL,NULL,'2011-02-08 21:50:28','2011-02-08 21:50:28',211),(175,'kurtis.ritchie@kihnpacocha.name','$2a$10$J83mjMRTBbKp.4U1ffm6Eur1pofJNyNug1YQpN28kdyV7FOAqGRpW','$2a$10$J83mjMRTBbKp.4U1ffm6Eu',NULL,NULL,NULL,0,NULL,NULL,NULL,NULL,'2011-02-08 21:50:31','2011-02-08 21:50:31',212),(176,'schaden.rylee@klocko.name','$2a$10$LEjfvnWpCLP7blbZ1lQgz.JZ5hkTwDhIkkf9go8MgFKeg.FyjzMmq','$2a$10$LEjfvnWpCLP7blbZ1lQgz.',NULL,NULL,NULL,0,NULL,NULL,NULL,NULL,'2011-02-08 21:50:34','2011-02-08 21:50:34',213),(177,'hilll_jane@baumbach.com','$2a$10$V8CLEyHdnADpVsrft0FtouttZRil7ijNlhrMpqQobuL980ZsETkUK','$2a$10$V8CLEyHdnADpVsrft0Ftou',NULL,NULL,NULL,0,NULL,NULL,NULL,NULL,'2011-02-08 21:50:37','2011-02-08 21:50:37',214),(178,'schmidt.jason@koch.name','$2a$10$9g3RtS.FhljXFxa.G6Er0eXpNFxhtpKj0nayDC6vA5poJFhKpUOsm','$2a$10$9g3RtS.FhljXFxa.G6Er0e',NULL,NULL,NULL,0,NULL,NULL,NULL,NULL,'2011-02-08 21:50:40','2011-02-08 21:50:40',215),(179,'abernathy.reyna@medhurst.net','$2a$10$9v5Hs9GZB9F0g/C.1vX0MulAIGm2UE43z94hfTfM3bLx9a6i84LNm','$2a$10$9v5Hs9GZB9F0g/C.1vX0Mu',NULL,NULL,NULL,0,NULL,NULL,NULL,NULL,'2011-02-08 21:50:42','2011-02-08 21:50:42',216),(180,'schmitt_savanah@corkery.info','$2a$10$LKxO2YyYEDlZQNO9cIvBo.K2mjriFxF9LSbTF47DH9B0W6RIkI4uy','$2a$10$LKxO2YyYEDlZQNO9cIvBo.',NULL,NULL,NULL,0,NULL,NULL,NULL,NULL,'2011-02-08 21:50:45','2011-02-08 21:50:45',217),(181,'powlowski.benton@abernathyoconnell.com','$2a$10$XaEZPrIuWh4tvt6ho1qet.sfbEIW57AKFq6S.NfZQkSBJ7k/Bmfi.','$2a$10$XaEZPrIuWh4tvt6ho1qet.',NULL,NULL,NULL,0,NULL,NULL,NULL,NULL,'2011-02-08 21:50:48','2011-02-08 21:50:48',218),(182,'zieme_philip@bashirianzieme.org','$2a$10$kH/6V0.z1vsby6OmRPLBheK1BEx9oE4ZEqt93KO78/XSNm/LiuFbO','$2a$10$kH/6V0.z1vsby6OmRPLBhe',NULL,NULL,NULL,0,NULL,NULL,NULL,NULL,'2011-02-08 21:50:51','2011-02-08 21:50:51',219),(183,'rossie_donnelly@flatleyhomenick.info','$2a$10$AuL70xEt2ki3sVQSolBNkegcdEFX9K7V6TGJ/mZOAmk8EQiQa/cI2','$2a$10$AuL70xEt2ki3sVQSolBNke',NULL,NULL,NULL,0,NULL,NULL,NULL,NULL,'2011-02-08 21:50:54','2011-02-08 21:50:54',220),(184,'guiseppe.considine@homenickstrosin.name','$2a$10$Xaao3lyUkP4KgpwLbOxz5.xm7..g0bUuunfGmmHWB2btlYccX3QNi','$2a$10$Xaao3lyUkP4KgpwLbOxz5.',NULL,NULL,NULL,0,NULL,NULL,NULL,NULL,'2011-02-08 21:50:58','2011-02-08 21:50:58',221),(185,'estel.stoltenberg@doyle.name','$2a$10$IhrUVHhCHPotY6TmyB4f9O2sODcWjnEcq.A21ENRV57sRKyNIIDOa','$2a$10$IhrUVHhCHPotY6TmyB4f9O',NULL,NULL,NULL,0,NULL,NULL,NULL,NULL,'2011-02-08 21:51:00','2011-02-08 21:51:00',222),(186,'harvey.abby@gislasonziemann.org','$2a$10$YZbcLnfN71mYuahGcT7i7.fwoTZ8220BnXq3/UyGpvZjn0PzSSfym','$2a$10$YZbcLnfN71mYuahGcT7i7.',NULL,NULL,NULL,0,NULL,NULL,NULL,NULL,'2011-02-08 21:51:03','2011-02-08 21:51:03',223),(187,'boyd_considine@weimann.org','$2a$10$GB9U3khUdwN3z/GsI5oeMOvnW9ZNLxLNRda5sN4OYQTBLZ2sGCJ7i','$2a$10$GB9U3khUdwN3z/GsI5oeMO',NULL,NULL,NULL,0,NULL,NULL,NULL,NULL,'2011-02-08 21:51:06','2011-02-08 21:51:06',224),(188,'windler.maximilian@hagenes.name','$2a$10$ISKvdmDZbCHOnDma8b502.91GU3CLMkmlgCjL0PguIEqylDmujzEW','$2a$10$ISKvdmDZbCHOnDma8b502.',NULL,NULL,NULL,0,NULL,NULL,NULL,NULL,'2011-02-08 21:51:08','2011-02-08 21:51:08',225),(189,'purdy.coralie@tromp.org','$2a$10$eXEhLbDnCnOsNXm5rScceOFja6MCSzOLin8Dj2Yvjn2km2zF1xEFe','$2a$10$eXEhLbDnCnOsNXm5rScceO',NULL,NULL,NULL,0,NULL,NULL,NULL,NULL,'2011-02-08 21:51:11','2011-02-08 21:51:11',226),(190,'dannie.towne@wilderman.name','$2a$10$9fX.CO39y4w6rd0Ca8aYAe3jlGxU0zFepdDCCUwtptcFxQXLUK0H6','$2a$10$9fX.CO39y4w6rd0Ca8aYAe',NULL,NULL,NULL,0,NULL,NULL,NULL,NULL,'2011-02-08 21:51:14','2011-02-08 21:51:14',227),(191,'block_rudy@prosaccomante.biz','$2a$10$02hLS0TtQR5bloqO3.lTKeBoHfi1.AnpEDfibroQa4nCa6l7riiPy','$2a$10$02hLS0TtQR5bloqO3.lTKe',NULL,NULL,NULL,0,NULL,NULL,NULL,NULL,'2011-02-08 21:51:18','2011-02-08 21:51:18',228),(192,'stephan.schuster@mcclurekoss.com','$2a$10$rTl./hJ6bOJ99sOOA4.ll.nVtHnyyj6iafPfQ6TNQV6yL4efXncLK','$2a$10$rTl./hJ6bOJ99sOOA4.ll.',NULL,NULL,NULL,0,NULL,NULL,NULL,NULL,'2011-02-08 21:51:21','2011-02-08 21:51:21',229),(193,'jayne_keebler@cole.net','$2a$10$kw9LsrbwtHoFNCKUXsOxIeyiEf6qhbcIcbfSyPpGSyNYPHLRMewfq','$2a$10$kw9LsrbwtHoFNCKUXsOxIe',NULL,NULL,NULL,0,NULL,NULL,NULL,NULL,'2011-02-08 21:51:24','2011-02-08 21:51:24',230),(194,'klocko.rogelio@schamberger.name','$2a$10$WBPubnWL.xBchcq5uRn8v.3hBrvqA4cLu4ZB8OiE/KTZrRJwlGGO6','$2a$10$WBPubnWL.xBchcq5uRn8v.',NULL,NULL,NULL,0,NULL,NULL,NULL,NULL,'2011-02-08 21:51:27','2011-02-08 21:51:27',231),(195,'florence_medhurst@murazik.com','$2a$10$M8nZ5pXpzHpx9rjCgRBNo.STPfc9BGkHDm3000Txu5xCQTGh0sECy','$2a$10$M8nZ5pXpzHpx9rjCgRBNo.',NULL,NULL,NULL,0,NULL,NULL,NULL,NULL,'2011-02-08 21:51:30','2011-02-08 21:51:30',232),(196,'kailee.dibbert@kuhlmanrunolfsdottir.name','$2a$10$R/HtYIWPHM6quGNHRsG5leRaDQs5RYslMmZhktBaWfGRls4Ix9Jo6','$2a$10$R/HtYIWPHM6quGNHRsG5le',NULL,NULL,NULL,0,NULL,NULL,NULL,NULL,'2011-02-08 21:51:33','2011-02-08 21:51:33',233),(197,'cummerata_angelica@coleprohaska.info','$2a$10$2EGxLA5XECanhaNCN1Wog.kB44RwIAhgs.GZhlWOYTiV5yHZZwVpG','$2a$10$2EGxLA5XECanhaNCN1Wog.',NULL,NULL,NULL,0,NULL,NULL,NULL,NULL,'2011-02-08 21:51:36','2011-02-08 21:51:36',234),(198,'larkin.daniella@kiehn.org','$2a$10$AFSr.XG5aT43ob2NC0AbpOw6Dy.SfgMaVf1.SLzynLmBQasJCsDem','$2a$10$AFSr.XG5aT43ob2NC0AbpO',NULL,NULL,NULL,0,NULL,NULL,NULL,NULL,'2011-02-08 21:51:38','2011-02-08 21:51:38',235),(199,'ledner.delphine@mraz.net','$2a$10$.nAXiKxIJ8B9LCpYHmkyzebyNv0bmGRwv0WH9bD5Zs2SmwlZTg.zq','$2a$10$.nAXiKxIJ8B9LCpYHmkyze',NULL,NULL,NULL,0,NULL,NULL,NULL,NULL,'2011-02-08 21:51:41','2011-02-08 21:51:41',236),(200,'adrianna.emard@jaskolski.org','$2a$10$RIn0GKU3A2XC6ECbbx2ufu65vpg6EngZkDC.C.3gAgDW3pgi4icC2','$2a$10$RIn0GKU3A2XC6ECbbx2ufu',NULL,NULL,NULL,0,NULL,NULL,NULL,NULL,'2011-02-08 21:51:44','2011-02-08 21:51:44',237),(201,'feeney.allan@baileylittle.net','$2a$10$eGAdmzyyy3StbZ2zSlvaaeztWSG3Jo3/sNcjGvGahkYRY9yDpFlCW','$2a$10$eGAdmzyyy3StbZ2zSlvaae',NULL,NULL,NULL,0,NULL,NULL,NULL,NULL,'2011-02-08 21:51:47','2011-02-08 21:51:47',238),(202,'clay_quigley@lehnerbernhard.biz','$2a$10$teTpH60D611qSnCW6X.xSOefcu8AhZtWZ4SCeKfQ5ds8yCxVCePm.','$2a$10$teTpH60D611qSnCW6X.xSO',NULL,NULL,NULL,0,NULL,NULL,NULL,NULL,'2011-02-08 21:51:50','2011-02-08 21:51:50',239),(203,'marlen_champlin@rutherford.name','$2a$10$8ynQdDR5IgornXM.ZqxePeZ2yIXzT3l.RjkBn909ae76PUro46evm','$2a$10$8ynQdDR5IgornXM.ZqxePe',NULL,NULL,NULL,0,NULL,NULL,NULL,NULL,'2011-02-08 21:51:53','2011-02-08 21:51:53',240),(204,'yost.doris@mertz.org','$2a$10$tKtwgmCweLX99aFdrRIDy.qH/NnyuAf/mBG1W5gqeRBJaceckyuPy','$2a$10$tKtwgmCweLX99aFdrRIDy.',NULL,NULL,NULL,0,NULL,NULL,NULL,NULL,'2011-02-08 21:51:56','2011-02-08 21:51:56',241),(205,'johnson_giles@macejkovickemmer.org','$2a$10$mDv1UlEAtK1DsH02uH64n.kBHxoDVQFX.R8A8MH4em/1APA50o8vS','$2a$10$mDv1UlEAtK1DsH02uH64n.',NULL,NULL,NULL,0,NULL,NULL,NULL,NULL,'2011-02-08 21:51:59','2011-02-08 21:51:59',242),(206,'franecki_braeden@pacocha.net','$2a$10$jhDFEmHYTVfQAodHoEHPYuopL3wRQXqPVQbzeLfhbT4TwHQthCAci','$2a$10$jhDFEmHYTVfQAodHoEHPYu',NULL,NULL,NULL,0,NULL,NULL,NULL,NULL,'2011-02-08 21:52:02','2011-02-08 21:52:02',243),(207,'federico_goyette@schroeder.com','$2a$10$I8lZwNcKNYqoVRtQSg3WFeJYnebJs8yVcxhWNMV0qyTx2dbgN1pGK','$2a$10$I8lZwNcKNYqoVRtQSg3WFe',NULL,NULL,NULL,0,NULL,NULL,NULL,NULL,'2011-02-08 21:52:05','2011-02-08 21:52:05',244),(208,'tracey_conn@murphyoconner.name','$2a$10$KjewQtF2kIsx4qMN8DoDfe9CKm.zi/.lMo/ED8cml.6phIc0bBhLO','$2a$10$KjewQtF2kIsx4qMN8DoDfe',NULL,NULL,NULL,0,NULL,NULL,NULL,NULL,'2011-02-08 21:52:08','2011-02-08 21:52:08',245),(209,'langosh_lionel@hoeger.name','$2a$10$v.Up5RqHX8C.g0lbfBJToOdz4Q4w4SJupyeNL2Hg7X1jBDkPaa9Pm','$2a$10$v.Up5RqHX8C.g0lbfBJToO',NULL,NULL,NULL,0,NULL,NULL,NULL,NULL,'2011-02-08 21:52:12','2011-02-08 21:52:12',246),(210,'conroy_mariano@mante.name','$2a$10$.V1.AZqo76mWW6MnEmrqM.OqYyzCCTlODMUcAjSbGLay59Hzmmk9u','$2a$10$.V1.AZqo76mWW6MnEmrqM.',NULL,NULL,NULL,0,NULL,NULL,NULL,NULL,'2011-02-08 21:52:15','2011-02-08 21:52:15',247),(211,'bernadine_hyatt@macejkovic.info','$2a$10$2p7RxgJWbnbbJUut4KE3MOishePi3RgiHpp5zB0APhfyWbBn4KDOy','$2a$10$2p7RxgJWbnbbJUut4KE3MO',NULL,NULL,NULL,0,NULL,NULL,NULL,NULL,'2011-02-08 21:52:18','2011-02-08 21:52:18',248),(212,'sporer_marietta@will.info','$2a$10$QBzhy0ADo9nI0.Af9q.EVeQdcPgY0NvzTMhs06VwIL4KIeIs.21p6','$2a$10$QBzhy0ADo9nI0.Af9q.EVe',NULL,NULL,NULL,0,NULL,NULL,NULL,NULL,'2011-02-08 21:52:21','2011-02-08 21:52:21',249),(213,'schoen.allene@huelcarroll.com','$2a$10$uTz73sePBs5nWzKPb0KW3uYyeyLuXo6az.vLwnquVhl376ZcRj6YO','$2a$10$uTz73sePBs5nWzKPb0KW3u',NULL,NULL,NULL,0,NULL,NULL,NULL,NULL,'2011-02-08 21:52:24','2011-02-08 21:52:24',250),(214,'marks_bridgette@jacobismitham.biz','$2a$10$1ndmb2eb0of5l4MQrbkaIO6LjXszpP6.ejxwfmNHentVL5JdhMpV.','$2a$10$1ndmb2eb0of5l4MQrbkaIO',NULL,NULL,NULL,0,NULL,NULL,NULL,NULL,'2011-02-08 21:52:27','2011-02-08 21:52:27',251),(215,'duncan.bins@dare.biz','$2a$10$oj8x1wj57LYAjGKnb.2j2./PLXSqU5sxLNPhy4L8TIHyHn3zmpk5u','$2a$10$oj8x1wj57LYAjGKnb.2j2.',NULL,NULL,NULL,0,NULL,NULL,NULL,NULL,'2011-02-08 21:52:29','2011-02-08 21:52:29',252),(216,'gussie_schmitt@huels.biz','$2a$10$JZwsOGJPTvxJKCH/f/aky.svionqkQi0IlQzfvJpfF5qWi5nKUcmm','$2a$10$JZwsOGJPTvxJKCH/f/aky.',NULL,NULL,NULL,0,NULL,NULL,NULL,NULL,'2011-02-08 21:52:32','2011-02-08 21:52:32',253),(217,'aurelio.eichmann@tromp.info','$2a$10$E0PHO90rCs2er1Pdo7cZmOgPSi1ZL1FifbP.FRPttRhsr36TRY/R2','$2a$10$E0PHO90rCs2er1Pdo7cZmO',NULL,NULL,NULL,0,NULL,NULL,NULL,NULL,'2011-02-08 21:52:34','2011-02-08 21:52:34',254),(218,'kareem.gleichner@ullrichgoodwin.name','$2a$10$2isGbcK5h6oN6thjIHObie0uegzEzGXr46EGqqEnMV36rIy.sod1a','$2a$10$2isGbcK5h6oN6thjIHObie',NULL,NULL,NULL,0,NULL,NULL,NULL,NULL,'2011-02-08 21:52:37','2011-02-08 21:52:37',255),(219,'erdman.taya@gottlieb.info','$2a$10$gxIEmLxuMdYt9JLwwJFqWeHDaX5TjtizStLSii2HzhN8mShPw/37m','$2a$10$gxIEmLxuMdYt9JLwwJFqWe',NULL,NULL,NULL,0,NULL,NULL,NULL,NULL,'2011-02-08 21:52:40','2011-02-08 21:52:40',256),(220,'meghan_murazik@huel.com','$2a$10$eZIubxsYOWJx8B86H2S6WuzgjhI8n/UH6ILIEhbjrv8TeQqFzI.xS','$2a$10$eZIubxsYOWJx8B86H2S6Wu',NULL,NULL,NULL,0,NULL,NULL,NULL,NULL,'2011-02-08 21:52:43','2011-02-08 21:52:43',257),(221,'deckow_nash@metzherman.net','$2a$10$nuggzVwmQTkMQkZMUpKo3OVUd8TO0Rjf2eKWzYBwilBRI1orClZx.','$2a$10$nuggzVwmQTkMQkZMUpKo3O',NULL,NULL,NULL,0,NULL,NULL,NULL,NULL,'2011-02-08 21:52:45','2011-02-08 21:52:45',258),(222,'bergnaum_enid@buckridge.info','$2a$10$ksW9S.Y4JLRv/XUspfANkOVnmP8.IFW/ZudW3sizqNXPFBWRI5fV6','$2a$10$ksW9S.Y4JLRv/XUspfANkO',NULL,NULL,NULL,0,NULL,NULL,NULL,NULL,'2011-02-08 21:52:49','2011-02-08 21:52:49',259),(223,'windler.verna@keebler.name','$2a$10$T0VkS5DH.wx02ccvYYY2BeQueMjuuMLr0nA37xpb1014Oohhed1Au','$2a$10$T0VkS5DH.wx02ccvYYY2Be',NULL,NULL,NULL,0,NULL,NULL,NULL,NULL,'2011-02-08 21:52:51','2011-02-08 21:52:51',260),(224,'fadel_cathryn@greenfelder.biz','$2a$10$9NpebxcOYUprMwbJFF.uzuB/Jl28M4Lv.xXQEu0KUa4yJMmsQbD3y','$2a$10$9NpebxcOYUprMwbJFF.uzu',NULL,NULL,NULL,0,NULL,NULL,NULL,NULL,'2011-02-08 21:52:54','2011-02-08 21:52:54',261),(225,'darren.bernier@swift.info','$2a$10$aht8joW2iJyQqqAFDF93g.yrX4rSgiDr6oEynIeOl9cJBV4CZF8ou','$2a$10$aht8joW2iJyQqqAFDF93g.',NULL,NULL,NULL,0,NULL,NULL,NULL,NULL,'2011-02-08 21:52:57','2011-02-08 21:52:57',262),(226,'cartwright_carol@robertskoelpin.com','$2a$10$1d5s9E/6wIKtKB8oEaG01ORHW8raDVFew4XoSDMCI1EfOaEfs.4Gi','$2a$10$1d5s9E/6wIKtKB8oEaG01O',NULL,NULL,NULL,0,NULL,NULL,NULL,NULL,'2011-02-08 21:53:00','2011-02-08 21:53:00',263),(227,'wisozk.keeley@quigley.biz','$2a$10$Bh63p1xgAUKPI7mpgoW7Xem0ZEtmQ382o5uDI4Fan3Kndyp5u3b.e','$2a$10$Bh63p1xgAUKPI7mpgoW7Xe',NULL,NULL,NULL,0,NULL,NULL,NULL,NULL,'2011-02-08 21:53:03','2011-02-08 21:53:03',264),(228,'mann.colton@koepp.net','$2a$10$7TuvPWibr3wwZ8pYPaXu0.R5RCPURUjPIxXexu/Z223zkRsUXTMR6','$2a$10$7TuvPWibr3wwZ8pYPaXu0.',NULL,NULL,NULL,0,NULL,NULL,NULL,NULL,'2011-02-08 21:53:06','2011-02-08 21:53:06',265),(229,'pacocha.frieda@huel.org','$2a$10$01ykINh1GUDmqYtV.GT.JuqFhhkXdarGctucwEsFYjivr5ql9C1sW','$2a$10$01ykINh1GUDmqYtV.GT.Ju',NULL,NULL,NULL,0,NULL,NULL,NULL,NULL,'2011-02-08 21:53:08','2011-02-08 21:53:08',266),(230,'carey_mann@luettgen.info','$2a$10$P5gbEsqU/l1FnwaiEa3VCujwNc7rairsMaZQWdrfjoDhWUbMY4oJ.','$2a$10$P5gbEsqU/l1FnwaiEa3VCu',NULL,NULL,NULL,0,NULL,NULL,NULL,NULL,'2011-02-08 21:53:11','2011-02-08 21:53:11',267),(231,'gloria_borer@ortiz.com','$2a$10$weW09E3gFcoSpsDAZkSoPOt8uAYvZ43RMGSioCeJzgsCQah7CAazm','$2a$10$weW09E3gFcoSpsDAZkSoPO',NULL,NULL,NULL,0,NULL,NULL,NULL,NULL,'2011-02-08 21:53:13','2011-02-08 21:53:13',268),(232,'hilma.rutherford@hilllcrist.biz','$2a$10$PCMzUAE0Sp/d4JziQGArjekXnedRz3g.6RJmfyx8QRnb.IX3s1YzC','$2a$10$PCMzUAE0Sp/d4JziQGArje',NULL,NULL,NULL,0,NULL,NULL,NULL,NULL,'2011-02-08 21:53:16','2011-02-08 21:53:16',269),(233,'felix_kon_o@rohan.biz','$2a$10$cmUlagqcEptErtmwzClKB.6E4gHnRCfMCmfsPyYKb4Tgr8JXO0KbW','$2a$10$cmUlagqcEptErtmwzClKB.',NULL,NULL,NULL,0,NULL,NULL,NULL,NULL,'2011-02-08 21:53:19','2011-02-08 21:53:19',270);
/*!40000 ALTER TABLE `users` ENABLE KEYS */;
UNLOCK TABLES;

--
-- Table structure for table `vendors`
--

DROP TABLE IF EXISTS `vendors`;
/*!40101 SET @saved_cs_client     = @@character_set_client */;
/*!40101 SET character_set_client = utf8 */;
CREATE TABLE `vendors` (
  `id` int(11) NOT NULL AUTO_INCREMENT,
  `name` varchar(255) COLLATE utf8_unicode_ci DEFAULT NULL,
  `event_type` varchar(255) COLLATE utf8_unicode_ci DEFAULT NULL,
  `question` text COLLATE utf8_unicode_ci,
  `avatar` varchar(255) COLLATE utf8_unicode_ci DEFAULT NULL,
  `created_at` datetime DEFAULT NULL,
  `updated_at` datetime DEFAULT NULL,
  PRIMARY KEY (`id`)
) ENGINE=MyISAM AUTO_INCREMENT=2 DEFAULT CHARSET=utf8 COLLATE=utf8_unicode_ci ROW_FORMAT=DYNAMIC;
/*!40101 SET character_set_client = @saved_cs_client */;

--
-- Dumping data for table `vendors`
--

LOCK TABLES `vendors` WRITE;
/*!40000 ALTER TABLE `vendors` DISABLE KEYS */;
INSERT INTO `vendors` VALUES (1,'iPay Technologies','billpay','We partner with <strong>iPay Technologies</strong> for bill payment services.  How would you rate this service?','/images/sample/vendors/ipay.jpg','2011-01-24 04:24:00','2011-01-24 04:24:00');
/*!40000 ALTER TABLE `vendors` ENABLE KEYS */;
UNLOCK TABLES;
/*!40103 SET TIME_ZONE=@OLD_TIME_ZONE */;

/*!40101 SET SQL_MODE=@OLD_SQL_MODE */;
/*!40014 SET FOREIGN_KEY_CHECKS=@OLD_FOREIGN_KEY_CHECKS */;
/*!40014 SET UNIQUE_CHECKS=@OLD_UNIQUE_CHECKS */;
/*!40101 SET CHARACTER_SET_CLIENT=@OLD_CHARACTER_SET_CLIENT */;
/*!40101 SET CHARACTER_SET_RESULTS=@OLD_CHARACTER_SET_RESULTS */;
/*!40101 SET COLLATION_CONNECTION=@OLD_COLLATION_CONNECTION */;
/*!40111 SET SQL_NOTES=@OLD_SQL_NOTES */;

-- Dump completed on 2011-03-09 10:27:31
